{
    "4": {
        "0": {
            "self_attn.q_proj": 0.0247039794921875,
            "self_attn.k_proj": 0.0080108642578125,
            "self_attn.v_proj": 4.890625,
            "self_attn.o_proj": 0.7578125,
            "mlp.gate_proj": 0.0836181640625,
            "mlp.up_proj": 0.09564208984375,
            "mlp.down_proj": 0.2578125
        },
        "1": {
            "self_attn.q_proj": 0.023773193359375,
            "self_attn.k_proj": 0.043701171875,
            "self_attn.v_proj": 29.734375,
            "self_attn.o_proj": 1.7509765625,
            "mlp.gate_proj": 0.0936279296875,
            "mlp.up_proj": 0.273681640625,
            "mlp.down_proj": 112.25
        },
        "2": {
            "self_attn.q_proj": 0.091064453125,
            "self_attn.k_proj": 0.0992431640625,
            "self_attn.v_proj": 3.072265625,
            "self_attn.o_proj": 0.97119140625,
            "mlp.gate_proj": 0.229248046875,
            "mlp.up_proj": 0.73974609375,
            "mlp.down_proj": 0.71044921875
        },
        "3": {
            "self_attn.q_proj": 0.1934814453125,
            "self_attn.k_proj": 0.1995849609375,
            "self_attn.v_proj": 3.283203125,
            "self_attn.o_proj": 1.048828125,
            "mlp.gate_proj": 0.369140625,
            "mlp.up_proj": 0.9990234375,
            "mlp.down_proj": 0.984375
        },
        "4": {
            "self_attn.q_proj": 0.1380615234375,
            "self_attn.k_proj": 0.08966064453125,
            "self_attn.v_proj": 3.177734375,
            "self_attn.o_proj": 0.73193359375,
            "mlp.gate_proj": 0.3974609375,
            "mlp.up_proj": 0.79248046875,
            "mlp.down_proj": 0.91845703125
        },
        "5": {
            "self_attn.q_proj": 0.111572265625,
            "self_attn.k_proj": 0.10302734375,
            "self_attn.v_proj": 3.7109375,
            "self_attn.o_proj": 1.068359375,
            "mlp.gate_proj": 0.37890625,
            "mlp.up_proj": 0.7138671875,
            "mlp.down_proj": 0.80908203125
        },
        "6": {
            "self_attn.q_proj": 0.162841796875,
            "self_attn.k_proj": 0.1121826171875,
            "self_attn.v_proj": 2.8828125,
            "self_attn.o_proj": 0.94677734375,
            "mlp.gate_proj": 0.380859375,
            "mlp.up_proj": 0.75830078125,
            "mlp.down_proj": 0.880859375
        },
        "7": {
            "self_attn.q_proj": 0.1947021484375,
            "self_attn.k_proj": 0.126220703125,
            "self_attn.v_proj": 2.677734375,
            "self_attn.o_proj": 0.95166015625,
            "mlp.gate_proj": 0.34228515625,
            "mlp.up_proj": 0.689453125,
            "mlp.down_proj": 0.75341796875
        },
        "8": {
            "self_attn.q_proj": 0.15185546875,
            "self_attn.k_proj": 0.111328125,
            "self_attn.v_proj": 2.7890625,
            "self_attn.o_proj": 0.9560546875,
            "mlp.gate_proj": 0.2802734375,
            "mlp.up_proj": 0.5625,
            "mlp.down_proj": 0.67431640625
        },
        "9": {
            "self_attn.q_proj": 0.12322998046875,
            "self_attn.k_proj": 0.1085205078125,
            "self_attn.v_proj": 2.36328125,
            "self_attn.o_proj": 0.84716796875,
            "mlp.gate_proj": 0.2431640625,
            "mlp.up_proj": 0.477783203125,
            "mlp.down_proj": 0.496826171875
        },
        "10": {
            "self_attn.q_proj": 0.10052490234375,
            "self_attn.k_proj": 0.10968017578125,
            "self_attn.v_proj": 2.451171875,
            "self_attn.o_proj": 0.9521484375,
            "mlp.gate_proj": 0.23046875,
            "mlp.up_proj": 0.433837890625,
            "mlp.down_proj": 0.468994140625
        },
        "11": {
            "self_attn.q_proj": 0.1175537109375,
            "self_attn.k_proj": 0.107421875,
            "self_attn.v_proj": 2.44921875,
            "self_attn.o_proj": 0.71337890625,
            "mlp.gate_proj": 0.1923828125,
            "mlp.up_proj": 0.343505859375,
            "mlp.down_proj": 0.423828125
        },
        "12": {
            "self_attn.q_proj": 0.10833740234375,
            "self_attn.k_proj": 0.09552001953125,
            "self_attn.v_proj": 1.947265625,
            "self_attn.o_proj": 0.6337890625,
            "mlp.gate_proj": 0.1810302734375,
            "mlp.up_proj": 0.305419921875,
            "mlp.down_proj": 0.361328125
        },
        "13": {
            "self_attn.q_proj": 0.09942626953125,
            "self_attn.k_proj": 0.08905029296875,
            "self_attn.v_proj": 1.8427734375,
            "self_attn.o_proj": 0.6962890625,
            "mlp.gate_proj": 0.1708984375,
            "mlp.up_proj": 0.3076171875,
            "mlp.down_proj": 0.343994140625
        },
        "14": {
            "self_attn.q_proj": 0.08648681640625,
            "self_attn.k_proj": 0.0755615234375,
            "self_attn.v_proj": 1.6083984375,
            "self_attn.o_proj": 0.5322265625,
            "mlp.gate_proj": 0.1719970703125,
            "mlp.up_proj": 0.27001953125,
            "mlp.down_proj": 0.332763671875
        },
        "15": {
            "self_attn.q_proj": 0.144775390625,
            "self_attn.k_proj": 0.130126953125,
            "self_attn.v_proj": 1.4765625,
            "self_attn.o_proj": 0.434326171875,
            "mlp.gate_proj": 0.1629638671875,
            "mlp.up_proj": 0.28125,
            "mlp.down_proj": 0.34716796875
        },
        "16": {
            "self_attn.q_proj": 0.0782470703125,
            "self_attn.k_proj": 0.06439208984375,
            "self_attn.v_proj": 1.05859375,
            "self_attn.o_proj": 0.42138671875,
            "mlp.gate_proj": 0.128662109375,
            "mlp.up_proj": 0.271240234375,
            "mlp.down_proj": 0.411865234375
        },
        "17": {
            "self_attn.q_proj": 0.063720703125,
            "self_attn.k_proj": 0.06121826171875,
            "self_attn.v_proj": 0.80322265625,
            "self_attn.o_proj": 0.22119140625,
            "mlp.gate_proj": 0.103759765625,
            "mlp.up_proj": 0.1900634765625,
            "mlp.down_proj": 0.33154296875
        },
        "18": {
            "self_attn.q_proj": 0.11859130859375,
            "self_attn.k_proj": 0.127685546875,
            "self_attn.v_proj": 0.5556640625,
            "self_attn.o_proj": 0.13330078125,
            "mlp.gate_proj": 0.1036376953125,
            "mlp.up_proj": 0.1890869140625,
            "mlp.down_proj": 0.29736328125
        },
        "19": {
            "self_attn.q_proj": 0.03692626953125,
            "self_attn.k_proj": 0.02947998046875,
            "self_attn.v_proj": 0.404296875,
            "self_attn.o_proj": 0.10443115234375,
            "mlp.gate_proj": 0.09051513671875,
            "mlp.up_proj": 0.186279296875,
            "mlp.down_proj": 0.2744140625
        },
        "20": {
            "self_attn.q_proj": 0.034759521484375,
            "self_attn.k_proj": 0.036773681640625,
            "self_attn.v_proj": 0.415771484375,
            "self_attn.o_proj": 0.1246337890625,
            "mlp.gate_proj": 0.077880859375,
            "mlp.up_proj": 0.12152099609375,
            "mlp.down_proj": 0.263427734375
        },
        "21": {
            "self_attn.q_proj": 0.021270751953125,
            "self_attn.k_proj": 0.017303466796875,
            "self_attn.v_proj": 0.24658203125,
            "self_attn.o_proj": 0.06781005859375,
            "mlp.gate_proj": 0.06353759765625,
            "mlp.up_proj": 0.1282958984375,
            "mlp.down_proj": 0.239990234375
        },
        "22": {
            "self_attn.q_proj": 0.025177001953125,
            "self_attn.k_proj": 0.0224151611328125,
            "self_attn.v_proj": 0.267578125,
            "self_attn.o_proj": 0.0887451171875,
            "mlp.gate_proj": 0.053009033203125,
            "mlp.up_proj": 0.1038818359375,
            "mlp.down_proj": 0.1973876953125
        },