{
    "2": {
        "0": {
            "self_attn.q_proj": 0.0182037353515625,
            "self_attn.k_proj": 0.00833892822265625,
            "self_attn.v_proj": 228.625,
            "self_attn.o_proj": 0.81884765625,
            "mlp.gate_proj": 0.035675048828125,
            "mlp.up_proj": 0.08172607421875,
            "mlp.down_proj": 0.262451171875
        },
        "1": {
            "self_attn.q_proj": 0.01898193359375,
            "self_attn.k_proj": 0.0177001953125,
            "self_attn.v_proj": 78.5,
            "self_attn.o_proj": 2.84375,
            "mlp.gate_proj": 0.10345458984375,
            "mlp.up_proj": 0.252685546875,
            "mlp.down_proj": 142.875
        },
        "2": {
            "self_attn.q_proj": 0.087890625,
            "self_attn.k_proj": 0.07025146484375,
            "self_attn.v_proj": 3.078125,
            "self_attn.o_proj": 0.9326171875,
            "mlp.gate_proj": 0.2381591796875,
            "mlp.up_proj": 0.49169921875,
            "mlp.down_proj": 0.76806640625
        },
        "3": {
            "self_attn.q_proj": 0.1771240234375,
            "self_attn.k_proj": 0.1220703125,
            "self_attn.v_proj": 2.9375,
            "self_attn.o_proj": 1.1171875,
            "mlp.gate_proj": 0.389404296875,
            "mlp.up_proj": 0.6533203125,
            "mlp.down_proj": 0.7353515625
        },
        "4": {
            "self_attn.q_proj": 0.235595703125,
            "self_attn.k_proj": 0.1605224609375,
            "self_attn.v_proj": 3.0390625,
            "self_attn.o_proj": 1.0908203125,
            "mlp.gate_proj": 0.334228515625,
            "mlp.up_proj": 0.6611328125,
            "mlp.down_proj": 0.85546875
        },
        "5": {
            "self_attn.q_proj": 0.12548828125,
            "self_attn.k_proj": 0.088134765625,
            "self_attn.v_proj": 3.19140625,
            "self_attn.o_proj": 0.99609375,
            "mlp.gate_proj": 0.344970703125,
            "mlp.up_proj": 0.63623046875,
            "mlp.down_proj": 0.775390625
        },
        "6": {
            "self_attn.q_proj": 0.2398681640625,
            "self_attn.k_proj": 0.133544921875,
            "self_attn.v_proj": 2.837890625,
            "self_attn.o_proj": 0.92236328125,
            "mlp.gate_proj": 0.37109375,
            "mlp.up_proj": 0.66064453125,
            "mlp.down_proj": 0.7587890625
        },
        "7": {
            "self_attn.q_proj": 0.205078125,
            "self_attn.k_proj": 0.1429443359375,
            "self_attn.v_proj": 2.515625,
            "self_attn.o_proj": 0.82421875,
            "mlp.gate_proj": 0.310791015625,
            "mlp.up_proj": 0.6494140625,
            "mlp.down_proj": 0.66796875
        },
        "8": {
            "self_attn.q_proj": 0.154541015625,
            "self_attn.k_proj": 0.1043701171875,
            "self_attn.v_proj": 3.185546875,
            "self_attn.o_proj": 0.97802734375,
            "mlp.gate_proj": 0.2802734375,
            "mlp.up_proj": 0.54150390625,
            "mlp.down_proj": 0.66259765625
        },
        "9": {
            "self_attn.q_proj": 0.133544921875,
            "self_attn.k_proj": 0.11077880859375,
            "self_attn.v_proj": 2.376953125,
            "self_attn.o_proj": 0.8271484375,
            "mlp.gate_proj": 0.2344970703125,
            "mlp.up_proj": 0.43505859375,
            "mlp.down_proj": 0.475830078125
        },
        "10": {
            "self_attn.q_proj": 0.09771728515625,
            "self_attn.k_proj": 0.1072998046875,
            "self_attn.v_proj": 2.4765625,
            "self_attn.o_proj": 0.93310546875,
            "mlp.gate_proj": 0.225830078125,
            "mlp.up_proj": 0.41748046875,
            "mlp.down_proj": 0.447998046875
        },
        "11": {
            "self_attn.q_proj": 0.12213134765625,
            "self_attn.k_proj": 0.11541748046875,
            "self_attn.v_proj": 2.5,
            "self_attn.o_proj": 0.7080078125,
            "mlp.gate_proj": 0.1851806640625,
            "mlp.up_proj": 0.3427734375,
            "mlp.down_proj": 0.40576171875
        },
        "12": {
            "self_attn.q_proj": 0.10601806640625,
            "self_attn.k_proj": 0.103271484375,
            "self_attn.v_proj": 1.9521484375,
            "self_attn.o_proj": 0.60302734375,
            "mlp.gate_proj": 0.170654296875,
            "mlp.up_proj": 0.298828125,
            "mlp.down_proj": 0.3466796875
        },
        "13": {
            "self_attn.q_proj": 0.09967041015625,
            "self_attn.k_proj": 0.086181640625,
            "self_attn.v_proj": 2.044921875,
            "self_attn.o_proj": 0.68505859375,
            "mlp.gate_proj": 0.1678466796875,
            "mlp.up_proj": 0.305419921875,
            "mlp.down_proj": 0.3291015625
        },
        "14": {
            "self_attn.q_proj": 0.08270263671875,
            "self_attn.k_proj": 0.07611083984375,
            "self_attn.v_proj": 1.6259765625,
            "self_attn.o_proj": 0.52978515625,
            "mlp.gate_proj": 0.1689453125,
            "mlp.up_proj": 0.265380859375,
            "mlp.down_proj": 0.31591796875
        },
        "15": {
            "self_attn.q_proj": 0.1368408203125,
            "self_attn.k_proj": 0.1226806640625,
            "self_attn.v_proj": 1.4306640625,
            "self_attn.o_proj": 0.42236328125,
            "mlp.gate_proj": 0.167236328125,
            "mlp.up_proj": 0.2890625,
            "mlp.down_proj": 0.339111328125
        },
        "16": {
            "self_attn.q_proj": 0.0770263671875,
            "self_attn.k_proj": 0.06280517578125,
            "self_attn.v_proj": 1.1865234375,
            "self_attn.o_proj": 0.425537109375,
            "mlp.gate_proj": 0.134033203125,
            "mlp.up_proj": 0.255615234375,
            "mlp.down_proj": 0.42626953125
        },
        "17": {
            "self_attn.q_proj": 0.06634521484375,
            "self_attn.k_proj": 0.062286376953125,
            "self_attn.v_proj": 0.84765625,
            "self_attn.o_proj": 0.221435546875,
            "mlp.gate_proj": 0.107177734375,
            "mlp.up_proj": 0.1878662109375,
            "mlp.down_proj": 0.316650390625
        },
        "18": {
            "self_attn.q_proj": 0.11749267578125,
            "self_attn.k_proj": 0.121337890625,
            "self_attn.v_proj": 0.56396484375,
            "self_attn.o_proj": 0.133544921875,
            "mlp.gate_proj": 0.10699462890625,
            "mlp.up_proj": 0.1917724609375,
            "mlp.down_proj": 0.3056640625
        },
        "19": {
            "self_attn.q_proj": 0.039093017578125,
            "self_attn.k_proj": 0.0292816162109375,
            "self_attn.v_proj": 0.41357421875,
            "self_attn.o_proj": 0.1044921875,
            "mlp.gate_proj": 0.0928955078125,
            "mlp.up_proj": 0.187744140625,
            "mlp.down_proj": 0.26806640625
        },
        "20": {
            "self_attn.q_proj": 0.03656005859375,
            "self_attn.k_proj": 0.038055419921875,
            "self_attn.v_proj": 0.44287109375,
            "self_attn.o_proj": 0.1265869140625,
            "mlp.gate_proj": 0.08001708984375,
            "mlp.up_proj": 0.11944580078125,
            "mlp.down_proj": 0.259033203125
        },
        "21": {
            "self_attn.q_proj": 0.0241851806640625,
            "self_attn.k_proj": 0.0168914794921875,
            "self_attn.v_proj": 0.25146484375,
            "self_attn.o_proj": 0.0673828125,
            "mlp.gate_proj": 0.06732177734375,
            "mlp.up_proj": 0.130126953125,
            "mlp.down_proj": 0.2269287109375
        },
        "22": {
            "self_attn.q_proj": 0.0288848876953125,
            "self_attn.k_proj": 0.025054931640625,
            "self_attn.v_proj": 0.261962890625,
            "self_attn.o_proj": 0.0894775390625,
            "mlp.gate_proj": 0.05535888671875,
            "mlp.up_proj": 0.10205078125,
            "mlp.down_proj": 0.1888427734375
        },