{
    "8": {
        "0": {
            "self_attn.q_proj": 0.0309295654296875,
            "self_attn.k_proj": 0.007965087890625,
            "self_attn.v_proj": 5.40625,
            "self_attn.o_proj": 0.818359375,
            "mlp.gate_proj": 0.04376220703125,
            "mlp.up_proj": 0.06671142578125,
            "mlp.down_proj": 0.31201171875
        },
        "1": {
            "self_attn.q_proj": 0.0189208984375,
            "self_attn.k_proj": 0.015106201171875,
            "self_attn.v_proj": 32.40625,
            "self_attn.o_proj": 1.783203125,
            "mlp.gate_proj": 0.10662841796875,
            "mlp.up_proj": 0.2066650390625,
            "mlp.down_proj": 116.25
        },
        "2": {
            "self_attn.q_proj": 0.167236328125,
            "self_attn.k_proj": 0.134521484375,
            "self_attn.v_proj": 5.1328125,
            "self_attn.o_proj": 1.1083984375,
            "mlp.gate_proj": 0.30322265625,
            "mlp.up_proj": 0.51123046875,
            "mlp.down_proj": 0.7548828125
        },
        "3": {
            "self_attn.q_proj": 0.1923828125,
            "self_attn.k_proj": 0.13623046875,
            "self_attn.v_proj": 3.87109375,
            "self_attn.o_proj": 1.25,
            "mlp.gate_proj": 0.509765625,
            "mlp.up_proj": 0.77001953125,
            "mlp.down_proj": 0.884765625
        },
        "4": {
            "self_attn.q_proj": 0.13916015625,
            "self_attn.k_proj": 0.0953369140625,
            "self_attn.v_proj": 3.3515625,
            "self_attn.o_proj": 0.7451171875,
            "mlp.gate_proj": 0.385986328125,
            "mlp.up_proj": 0.7158203125,
            "mlp.down_proj": 1.052734375
        },
        "5": {
            "self_attn.q_proj": 0.1260986328125,
            "self_attn.k_proj": 0.08489990234375,
            "self_attn.v_proj": 3.162109375,
            "self_attn.o_proj": 1.10546875,
            "mlp.gate_proj": 0.4365234375,
            "mlp.up_proj": 0.76611328125,
            "mlp.down_proj": 0.8427734375
        },
        "6": {
            "self_attn.q_proj": 0.185791015625,
            "self_attn.k_proj": 0.126708984375,
            "self_attn.v_proj": 2.978515625,
            "self_attn.o_proj": 0.9541015625,
            "mlp.gate_proj": 0.36962890625,
            "mlp.up_proj": 0.74853515625,
            "mlp.down_proj": 0.8671875
        },
        "7": {
            "self_attn.q_proj": 0.18896484375,
            "self_attn.k_proj": 0.126220703125,
            "self_attn.v_proj": 2.62109375,
            "self_attn.o_proj": 0.947265625,
            "mlp.gate_proj": 0.3525390625,
            "mlp.up_proj": 0.703125,
            "mlp.down_proj": 0.75537109375
        },
        "8": {
            "self_attn.q_proj": 0.1513671875,
            "self_attn.k_proj": 0.11566162109375,
            "self_attn.v_proj": 2.80859375,
            "self_attn.o_proj": 0.9638671875,
            "mlp.gate_proj": 0.2783203125,
            "mlp.up_proj": 0.560546875,
            "mlp.down_proj": 0.67431640625
        },
        "9": {
            "self_attn.q_proj": 0.12408447265625,
            "self_attn.k_proj": 0.1087646484375,
            "self_attn.v_proj": 2.34765625,
            "self_attn.o_proj": 0.84765625,
            "mlp.gate_proj": 0.2421875,
            "mlp.up_proj": 0.476806640625,
            "mlp.down_proj": 0.498291015625
        },
        "10": {
            "self_attn.q_proj": 0.100341796875,
            "self_attn.k_proj": 0.109130859375,
            "self_attn.v_proj": 2.490234375,
            "self_attn.o_proj": 0.953125,
            "mlp.gate_proj": 0.22900390625,
            "mlp.up_proj": 0.4326171875,
            "mlp.down_proj": 0.471923828125
        },
        "11": {
            "self_attn.q_proj": 0.1168212890625,
            "self_attn.k_proj": 0.10693359375,
            "self_attn.v_proj": 2.4609375,
            "self_attn.o_proj": 0.71923828125,
            "mlp.gate_proj": 0.19287109375,
            "mlp.up_proj": 0.345458984375,
            "mlp.down_proj": 0.42529296875
        },
        "12": {
            "self_attn.q_proj": 0.10931396484375,
            "self_attn.k_proj": 0.09588623046875,
            "self_attn.v_proj": 1.9677734375,
            "self_attn.o_proj": 0.634765625,
            "mlp.gate_proj": 0.181396484375,
            "mlp.up_proj": 0.305908203125,
            "mlp.down_proj": 0.363037109375
        },
        "13": {
            "self_attn.q_proj": 0.099365234375,
            "self_attn.k_proj": 0.0885009765625,
            "self_attn.v_proj": 1.865234375,
            "self_attn.o_proj": 0.69384765625,
            "mlp.gate_proj": 0.171142578125,
            "mlp.up_proj": 0.30712890625,
            "mlp.down_proj": 0.346435546875
        },
        "14": {
            "self_attn.q_proj": 0.08673095703125,
            "self_attn.k_proj": 0.07666015625,
            "self_attn.v_proj": 1.6181640625,
            "self_attn.o_proj": 0.533203125,
            "mlp.gate_proj": 0.1715087890625,
            "mlp.up_proj": 0.27392578125,
            "mlp.down_proj": 0.333251953125
        },
        "15": {
            "self_attn.q_proj": 0.1461181640625,
            "self_attn.k_proj": 0.13037109375,
            "self_attn.v_proj": 1.4443359375,
            "self_attn.o_proj": 0.433349609375,
            "mlp.gate_proj": 0.1629638671875,
            "mlp.up_proj": 0.28173828125,
            "mlp.down_proj": 0.347412109375
        },
        "16": {
            "self_attn.q_proj": 0.07843017578125,
            "self_attn.k_proj": 0.064697265625,
            "self_attn.v_proj": 1.05859375,
            "self_attn.o_proj": 0.423095703125,
            "mlp.gate_proj": 0.1287841796875,
            "mlp.up_proj": 0.2744140625,
            "mlp.down_proj": 0.4150390625
        },
        "17": {
            "self_attn.q_proj": 0.06329345703125,
            "self_attn.k_proj": 0.060516357421875,
            "self_attn.v_proj": 0.8037109375,
            "self_attn.o_proj": 0.220947265625,
            "mlp.gate_proj": 0.1038818359375,
            "mlp.up_proj": 0.1890869140625,
            "mlp.down_proj": 0.3330078125
        },
        "18": {
            "self_attn.q_proj": 0.11883544921875,
            "self_attn.k_proj": 0.130859375,
            "self_attn.v_proj": 0.55419921875,
            "self_attn.o_proj": 0.1336669921875,
            "mlp.gate_proj": 0.10369873046875,
            "mlp.up_proj": 0.189453125,
            "mlp.down_proj": 0.298583984375
        },
        "19": {
            "self_attn.q_proj": 0.037322998046875,
            "self_attn.k_proj": 0.0292816162109375,
            "self_attn.v_proj": 0.405517578125,
            "self_attn.o_proj": 0.10406494140625,
            "mlp.gate_proj": 0.090087890625,
            "mlp.up_proj": 0.187255859375,
            "mlp.down_proj": 0.27392578125
        },
        "20": {
            "self_attn.q_proj": 0.035003662109375,
            "self_attn.k_proj": 0.036407470703125,
            "self_attn.v_proj": 0.413818359375,
            "self_attn.o_proj": 0.125244140625,
            "mlp.gate_proj": 0.07757568359375,
            "mlp.up_proj": 0.1214599609375,
            "mlp.down_proj": 0.262939453125
        },
        "21": {
            "self_attn.q_proj": 0.02142333984375,
            "self_attn.k_proj": 0.017303466796875,
            "self_attn.v_proj": 0.2437744140625,
            "self_attn.o_proj": 0.06793212890625,
            "mlp.gate_proj": 0.06329345703125,
            "mlp.up_proj": 0.12841796875,
            "mlp.down_proj": 0.2403564453125
        },
        "22": {
            "self_attn.q_proj": 0.025177001953125,
            "self_attn.k_proj": 0.0223846435546875,
            "self_attn.v_proj": 0.2685546875,
            "self_attn.o_proj": 0.088623046875,
            "mlp.gate_proj": 0.052947998046875,
            "mlp.up_proj": 0.10382080078125,
            "mlp.down_proj": 0.197265625
        },