{
    
        "0": {
            "self_attn.q_proj": 0.049774169921875,
            "self_attn.k_proj": 0.0059051513671875,
            "self_attn.v_proj": 10.2265625,
            "self_attn.o_proj": 0.7587890625,
            "mlp.gate_proj": 0.040771484375,
            "mlp.up_proj": 0.06561279296875,
            "mlp.down_proj": 0.274658203125
        },
        "1": {
            "self_attn.q_proj": 0.0185089111328125,
            "self_attn.k_proj": 0.016448974609375,
            "self_attn.v_proj": 37.09375,
            "self_attn.o_proj": 2.0078125,
            "mlp.gate_proj": 0.11309814453125,
            "mlp.up_proj": 0.2265625,
            "mlp.down_proj": 92.4375
        },
        "2": {
            "self_attn.q_proj": 0.1297607421875,
            "self_attn.k_proj": 0.0838623046875,
            "self_attn.v_proj": 3.37890625,
            "self_attn.o_proj": 2.58203125,
            "mlp.gate_proj": 0.263916015625,
            "mlp.up_proj": 0.623046875,
            "mlp.down_proj": 0.75341796875
        },
        "3": {
            "self_attn.q_proj": 0.1492919921875,
            "self_attn.k_proj": 0.1180419921875,
            "self_attn.v_proj": 3.955078125,
            "self_attn.o_proj": 1.09375,
            "mlp.gate_proj": 0.36767578125,
            "mlp.up_proj": 0.79736328125,
            "mlp.down_proj": 1.208984375
        },
        "4": {
            "self_attn.q_proj": 0.1490478515625,
            "self_attn.k_proj": 0.10186767578125,
            "self_attn.v_proj": 3.26171875,
            "self_attn.o_proj": 0.97607421875,
            "mlp.gate_proj": 0.4208984375,
            "mlp.up_proj": 0.6806640625,
            "mlp.down_proj": 0.94287109375
        },
        "5": {
            "self_attn.q_proj": 0.1082763671875,
            "self_attn.k_proj": 0.09320068359375,
            "self_attn.v_proj": 3.427734375,
            "self_attn.o_proj": 1.029296875,
            "mlp.gate_proj": 0.408203125,
            "mlp.up_proj": 0.70947265625,
            "mlp.down_proj": 0.83935546875
        },
        "6": {
            "self_attn.q_proj": 0.170654296875,
            "self_attn.k_proj": 0.11749267578125,
            "self_attn.v_proj": 3.359375,
            "self_attn.o_proj": 0.927734375,
            "mlp.gate_proj": 0.86083984375,
            "mlp.up_proj": 0.72412109375,
            "mlp.down_proj": 0.84912109375
        },
        "7": {
            "self_attn.q_proj": 0.18359375,
            "self_attn.k_proj": 0.1201171875,
            "self_attn.v_proj": 2.7265625,
            "self_attn.o_proj": 0.92578125,
            "mlp.gate_proj": 0.32177734375,
            "mlp.up_proj": 0.7060546875,
            "mlp.down_proj": 0.73974609375
        },
        "8": {
            "self_attn.q_proj": 0.14599609375,
            "self_attn.k_proj": 0.1085205078125,
            "self_attn.v_proj": 2.697265625,
            "self_attn.o_proj": 0.9658203125,
            "mlp.gate_proj": 0.278076171875,
            "mlp.up_proj": 0.55859375,
            "mlp.down_proj": 0.65576171875
        },
        "9": {
            "self_attn.q_proj": 0.12457275390625,
            "self_attn.k_proj": 0.10894775390625,
            "self_attn.v_proj": 2.3515625,
            "self_attn.o_proj": 0.833984375,
            "mlp.gate_proj": 0.24169921875,
            "mlp.up_proj": 0.472412109375,
            "mlp.down_proj": 0.498291015625
        },
        "10": {
            "self_attn.q_proj": 0.10003662109375,
            "self_attn.k_proj": 0.11248779296875,
            "self_attn.v_proj": 2.48046875,
            "self_attn.o_proj": 0.94873046875,
            "mlp.gate_proj": 0.230712890625,
            "mlp.up_proj": 0.4248046875,
            "mlp.down_proj": 0.46826171875
        },
        "11": {
            "self_attn.q_proj": 0.11663818359375,
            "self_attn.k_proj": 0.107421875,
            "self_attn.v_proj": 2.4609375,
            "self_attn.o_proj": 0.71923828125,
            "mlp.gate_proj": 0.1907958984375,
            "mlp.up_proj": 0.3369140625,
            "mlp.down_proj": 0.419677734375
        },
        "12": {
            "self_attn.q_proj": 0.108642578125,
            "self_attn.k_proj": 0.09747314453125,
            "self_attn.v_proj": 2.021484375,
            "self_attn.o_proj": 0.63525390625,
            "mlp.gate_proj": 0.1854248046875,
            "mlp.up_proj": 0.3076171875,
            "mlp.down_proj": 0.3583984375
        },
        "13": {
            "self_attn.q_proj": 0.09869384765625,
            "self_attn.k_proj": 0.0888671875,
            "self_attn.v_proj": 1.87890625,
            "self_attn.o_proj": 0.693359375,
            "mlp.gate_proj": 0.172119140625,
            "mlp.up_proj": 0.30517578125,
            "mlp.down_proj": 0.344970703125
        },
        "14": {
            "self_attn.q_proj": 0.08636474609375,
            "self_attn.k_proj": 0.0789794921875,
            "self_attn.v_proj": 1.5888671875,
            "self_attn.o_proj": 0.53466796875,
            "mlp.gate_proj": 0.1695556640625,
            "mlp.up_proj": 0.2744140625,
            "mlp.down_proj": 0.330810546875
        },
        "15": {
            "self_attn.q_proj": 0.14501953125,
            "self_attn.k_proj": 0.12939453125,
            "self_attn.v_proj": 1.470703125,
            "self_attn.o_proj": 0.438720703125,
            "mlp.gate_proj": 0.160888671875,
            "mlp.up_proj": 0.28369140625,
            "mlp.down_proj": 0.349853515625
        },
        "16": {
            "self_attn.q_proj": 0.078125,
            "self_attn.k_proj": 0.06451416015625,
            "self_attn.v_proj": 1.064453125,
            "self_attn.o_proj": 0.424560546875,
            "mlp.gate_proj": 0.12744140625,
            "mlp.up_proj": 0.264404296875,
            "mlp.down_proj": 0.411376953125
        },
        "17": {
            "self_attn.q_proj": 0.06280517578125,
            "self_attn.k_proj": 0.062164306640625,
            "self_attn.v_proj": 0.814453125,
            "self_attn.o_proj": 0.22119140625,
            "mlp.gate_proj": 0.1044921875,
            "mlp.up_proj": 0.1885986328125,
            "mlp.down_proj": 0.329833984375
        },
        "18": {
            "self_attn.q_proj": 0.116943359375,
            "self_attn.k_proj": 0.1385498046875,
            "self_attn.v_proj": 0.568359375,
            "self_attn.o_proj": 0.13525390625,
            "mlp.gate_proj": 0.1051025390625,
            "mlp.up_proj": 0.18994140625,
            "mlp.down_proj": 0.2958984375
        },
        "19": {
            "self_attn.q_proj": 0.03765869140625,
            "self_attn.k_proj": 0.0298309326171875,
            "self_attn.v_proj": 0.40771484375,
            "self_attn.o_proj": 0.10430908203125,
            "mlp.gate_proj": 0.09197998046875,
            "mlp.up_proj": 0.1864013671875,
            "mlp.down_proj": 0.274658203125
        },
        "20": {
            "self_attn.q_proj": 0.034912109375,
            "self_attn.k_proj": 0.0357666015625,
            "self_attn.v_proj": 0.422119140625,
            "self_attn.o_proj": 0.1259765625,
            "mlp.gate_proj": 0.0782470703125,
            "mlp.up_proj": 0.121826171875,
            "mlp.down_proj": 0.26220703125
        },
        "21": {
            "self_attn.q_proj": 0.021453857421875,
            "self_attn.k_proj": 0.01739501953125,
            "self_attn.v_proj": 0.2449951171875,
            "self_attn.o_proj": 0.068603515625,
            "mlp.gate_proj": 0.06353759765625,
            "mlp.up_proj": 0.1275634765625,
            "mlp.down_proj": 0.2376708984375
        },
        "22": {
            "self_attn.q_proj": 0.0254974365234375,
            "self_attn.k_proj": 0.022705078125,
            "self_attn.v_proj": 0.27294921875,
            "self_attn.o_proj": 0.08856201171875,
            "mlp.gate_proj": 0.053558349609375,
            "mlp.up_proj": 0.10382080078125,
            "mlp.down_proj": 0.197998046875
        },