{
    "8": {
        "0": {
            "self_attn.q_proj": 0.038177490234375,
            "self_attn.k_proj": 0.0083770751953125,
            "self_attn.v_proj": 6.25,
            "self_attn.o_proj": 0.888671875,
            "mlp.gate_proj": 0.04095458984375,
            "mlp.up_proj": 0.061859130859375,
            "mlp.down_proj": 0.308837890625
        },
        "1": {
            "self_attn.q_proj": 0.030670166015625,
            "self_attn.k_proj": 0.02520751953125,
            "self_attn.v_proj": 32.375,
            "self_attn.o_proj": 2.109375,
            "mlp.gate_proj": 0.12249755859375,
            "mlp.up_proj": 0.2039794921875,
            "mlp.down_proj": 116.1875
        },
        "2": {
            "self_attn.q_proj": 0.133544921875,
            "self_attn.k_proj": 0.0899658203125,
            "self_attn.v_proj": 4.24609375,
            "self_attn.o_proj": 1.16015625,
            "mlp.gate_proj": 0.296630859375,
            "mlp.up_proj": 0.53369140625,
            "mlp.down_proj": 0.751953125
        },
        "3": {
            "self_attn.q_proj": 0.188232421875,
            "self_attn.k_proj": 0.11846923828125,
            "self_attn.v_proj": 3.69921875,
            "self_attn.o_proj": 1.0791015625,
            "mlp.gate_proj": 0.505859375,
            "mlp.up_proj": 0.71142578125,
            "mlp.down_proj": 0.884765625
        },
        "4": {
            "self_attn.q_proj": 0.149169921875,
            "self_attn.k_proj": 0.10546875,
            "self_attn.v_proj": 3.373046875,
            "self_attn.o_proj": 0.783203125,
            "mlp.gate_proj": 0.422119140625,
            "mlp.up_proj": 0.69873046875,
            "mlp.down_proj": 1.0556640625
        },
        "5": {
            "self_attn.q_proj": 0.1273193359375,
            "self_attn.k_proj": 0.08734130859375,
            "self_attn.v_proj": 3.166015625,
            "self_attn.o_proj": 1.1171875,
            "mlp.gate_proj": 0.4091796875,
            "mlp.up_proj": 0.740234375,
            "mlp.down_proj": 0.841796875
        },
        "6": {
            "self_attn.q_proj": 0.1873779296875,
            "self_attn.k_proj": 0.1268310546875,
            "self_attn.v_proj": 2.966796875,
            "self_attn.o_proj": 0.95849609375,
            "mlp.gate_proj": 0.366455078125,
            "mlp.up_proj": 0.75390625,
            "mlp.down_proj": 0.8671875
        },
        "7": {
            "self_attn.q_proj": 0.18798828125,
            "self_attn.k_proj": 0.126953125,
            "self_attn.v_proj": 2.625,
            "self_attn.o_proj": 0.94677734375,
            "mlp.gate_proj": 0.35546875,
            "mlp.up_proj": 0.703125,
            "mlp.down_proj": 0.7548828125
        },
        "8": {
            "self_attn.q_proj": 0.1512451171875,
            "self_attn.k_proj": 0.1177978515625,
            "self_attn.v_proj": 2.814453125,
            "self_attn.o_proj": 0.96728515625,
            "mlp.gate_proj": 0.279541015625,
            "mlp.up_proj": 0.56103515625,
            "mlp.down_proj": 0.67431640625
        },
        "9": {
            "self_attn.q_proj": 0.12384033203125,
            "self_attn.k_proj": 0.10888671875,
            "self_attn.v_proj": 2.34765625,
            "self_attn.o_proj": 0.84716796875,
            "mlp.gate_proj": 0.2420654296875,
            "mlp.up_proj": 0.4765625,
            "mlp.down_proj": 0.498291015625
        },
        "10": {
            "self_attn.q_proj": 0.1002197265625,
            "self_attn.k_proj": 0.1092529296875,
            "self_attn.v_proj": 2.48828125,
            "self_attn.o_proj": 0.95263671875,
            "mlp.gate_proj": 0.2291259765625,
            "mlp.up_proj": 0.432861328125,
            "mlp.down_proj": 0.471923828125
        },
        "11": {
            "self_attn.q_proj": 0.1168212890625,
            "self_attn.k_proj": 0.10693359375,
            "self_attn.v_proj": 2.458984375,
            "self_attn.o_proj": 0.71923828125,
            "mlp.gate_proj": 0.1929931640625,
            "mlp.up_proj": 0.345947265625,
            "mlp.down_proj": 0.42529296875
        },
        "12": {
            "self_attn.q_proj": 0.10919189453125,
            "self_attn.k_proj": 0.095947265625,
            "self_attn.v_proj": 1.9716796875,
            "self_attn.o_proj": 0.63525390625,
            "mlp.gate_proj": 0.1817626953125,
            "mlp.up_proj": 0.306396484375,
            "mlp.down_proj": 0.362548828125
        },
        "13": {
            "self_attn.q_proj": 0.099365234375,
            "self_attn.k_proj": 0.08837890625,
            "self_attn.v_proj": 1.8642578125,
            "self_attn.o_proj": 0.693359375,
            "mlp.gate_proj": 0.171630859375,
            "mlp.up_proj": 0.3076171875,
            "mlp.down_proj": 0.346435546875
        },
        "14": {
            "self_attn.q_proj": 0.0867919921875,
            "self_attn.k_proj": 0.07666015625,
            "self_attn.v_proj": 1.619140625,
            "self_attn.o_proj": 0.53271484375,
            "mlp.gate_proj": 0.1712646484375,
            "mlp.up_proj": 0.273681640625,
            "mlp.down_proj": 0.333251953125
        },
        "15": {
            "self_attn.q_proj": 0.1463623046875,
            "self_attn.k_proj": 0.1307373046875,
            "self_attn.v_proj": 1.4443359375,
            "self_attn.o_proj": 0.433349609375,
            "mlp.gate_proj": 0.162841796875,
            "mlp.up_proj": 0.281494140625,
            "mlp.down_proj": 0.34765625
        },
        "16": {
            "self_attn.q_proj": 0.07861328125,
            "self_attn.k_proj": 0.06475830078125,
            "self_attn.v_proj": 1.05859375,
            "self_attn.o_proj": 0.4228515625,
            "mlp.gate_proj": 0.1287841796875,
            "mlp.up_proj": 0.27392578125,
            "mlp.down_proj": 0.4150390625
        },
        "17": {
            "self_attn.q_proj": 0.06329345703125,
            "self_attn.k_proj": 0.060577392578125,
            "self_attn.v_proj": 0.8037109375,
            "self_attn.o_proj": 0.2210693359375,
            "mlp.gate_proj": 0.10394287109375,
            "mlp.up_proj": 0.1893310546875,
            "mlp.down_proj": 0.333251953125
        },
        "18": {
            "self_attn.q_proj": 0.11895751953125,
            "self_attn.k_proj": 0.131103515625,
            "self_attn.v_proj": 0.5537109375,
            "self_attn.o_proj": 0.1336669921875,
            "mlp.gate_proj": 0.103759765625,
            "mlp.up_proj": 0.1895751953125,
            "mlp.down_proj": 0.298583984375
        },
        "19": {
            "self_attn.q_proj": 0.037353515625,
            "self_attn.k_proj": 0.029266357421875,
            "self_attn.v_proj": 0.40576171875,
            "self_attn.o_proj": 0.10418701171875,
            "mlp.gate_proj": 0.090087890625,
            "mlp.up_proj": 0.1873779296875,
            "mlp.down_proj": 0.27392578125
        },
        "20": {
            "self_attn.q_proj": 0.0350341796875,
            "self_attn.k_proj": 0.036376953125,
            "self_attn.v_proj": 0.413818359375,
            "self_attn.o_proj": 0.125244140625,
            "mlp.gate_proj": 0.07757568359375,
            "mlp.up_proj": 0.1214599609375,
            "mlp.down_proj": 0.262939453125
        },
        "21": {
            "self_attn.q_proj": 0.0213623046875,
            "self_attn.k_proj": 0.017242431640625,
            "self_attn.v_proj": 0.2437744140625,
            "self_attn.o_proj": 0.0679931640625,
            "mlp.gate_proj": 0.06329345703125,
            "mlp.up_proj": 0.1285400390625,
            "mlp.down_proj": 0.2403564453125
        },
        "22": {
            "self_attn.q_proj": 0.025177001953125,
            "self_attn.k_proj": 0.022430419921875,
            "self_attn.v_proj": 0.268310546875,
            "self_attn.o_proj": 0.088623046875,
            "mlp.gate_proj": 0.052978515625,
            "mlp.up_proj": 0.1038818359375,
            "mlp.down_proj": 0.197265625
        },