{
    "4": {
        "0": {
            "self_attn.q_proj": 0.0247650146484375,
            "self_attn.k_proj": 0.0080413818359375,
            "self_attn.v_proj": 4.890625,
            "self_attn.o_proj": 0.75927734375,
            "mlp.gate_proj": 0.082763671875,
            "mlp.up_proj": 0.0958251953125,
            "mlp.down_proj": 0.257568359375
        },
        "1": {
            "self_attn.q_proj": 0.0240325927734375,
            "self_attn.k_proj": 0.04327392578125,
            "self_attn.v_proj": 29.5625,
            "self_attn.o_proj": 1.7529296875,
            "mlp.gate_proj": 0.0936279296875,
            "mlp.up_proj": 0.27197265625,
            "mlp.down_proj": 112.5
        },
        "2": {
            "self_attn.q_proj": 0.09088134765625,
            "self_attn.k_proj": 0.09918212890625,
            "self_attn.v_proj": 3.07421875,
            "self_attn.o_proj": 0.96875,
            "mlp.gate_proj": 0.228759765625,
            "mlp.up_proj": 0.72509765625,
            "mlp.down_proj": 0.7099609375
        },
        "3": {
            "self_attn.q_proj": 0.1947021484375,
            "self_attn.k_proj": 0.1947021484375,
            "self_attn.v_proj": 3.2890625,
            "self_attn.o_proj": 1.0478515625,
            "mlp.gate_proj": 0.368896484375,
            "mlp.up_proj": 0.9990234375,
            "mlp.down_proj": 0.97802734375
        },
        "4": {
            "self_attn.q_proj": 0.1378173828125,
            "self_attn.k_proj": 0.0897216796875,
            "self_attn.v_proj": 3.17578125,
            "self_attn.o_proj": 0.73388671875,
            "mlp.gate_proj": 0.396484375,
            "mlp.up_proj": 0.79736328125,
            "mlp.down_proj": 0.9208984375
        },
        "5": {
            "self_attn.q_proj": 0.11181640625,
            "self_attn.k_proj": 0.10235595703125,
            "self_attn.v_proj": 3.744140625,
            "self_attn.o_proj": 1.0703125,
            "mlp.gate_proj": 0.379150390625,
            "mlp.up_proj": 0.7119140625,
            "mlp.down_proj": 0.8076171875
        },
        "6": {
            "self_attn.q_proj": 0.1630859375,
            "self_attn.k_proj": 0.1121826171875,
            "self_attn.v_proj": 2.880859375,
            "self_attn.o_proj": 0.9462890625,
            "mlp.gate_proj": 0.38134765625,
            "mlp.up_proj": 0.759765625,
            "mlp.down_proj": 0.8798828125
        },
        "7": {
            "self_attn.q_proj": 0.194091796875,
            "self_attn.k_proj": 0.126953125,
            "self_attn.v_proj": 2.681640625,
            "self_attn.o_proj": 0.95068359375,
            "mlp.gate_proj": 0.3427734375,
            "mlp.up_proj": 0.68896484375,
            "mlp.down_proj": 0.75390625
        },
        "8": {
            "self_attn.q_proj": 0.1517333984375,
            "self_attn.k_proj": 0.11138916015625,
            "self_attn.v_proj": 2.7890625,
            "self_attn.o_proj": 0.9560546875,
            "mlp.gate_proj": 0.280517578125,
            "mlp.up_proj": 0.5625,
            "mlp.down_proj": 0.67431640625
        },
        "9": {
            "self_attn.q_proj": 0.12322998046875,
            "self_attn.k_proj": 0.10858154296875,
            "self_attn.v_proj": 2.361328125,
            "self_attn.o_proj": 0.84716796875,
            "mlp.gate_proj": 0.2431640625,
            "mlp.up_proj": 0.478271484375,
            "mlp.down_proj": 0.496826171875
        },
        "10": {
            "self_attn.q_proj": 0.10076904296875,
            "self_attn.k_proj": 0.1097412109375,
            "self_attn.v_proj": 2.44921875,
            "self_attn.o_proj": 0.95263671875,
            "mlp.gate_proj": 0.23046875,
            "mlp.up_proj": 0.433837890625,
            "mlp.down_proj": 0.468994140625
        },
        "11": {
            "self_attn.q_proj": 0.11761474609375,
            "self_attn.k_proj": 0.107421875,
            "self_attn.v_proj": 2.44921875,
            "self_attn.o_proj": 0.71337890625,
            "mlp.gate_proj": 0.1922607421875,
            "mlp.up_proj": 0.343505859375,
            "mlp.down_proj": 0.424072265625
        },
        "12": {
            "self_attn.q_proj": 0.10833740234375,
            "self_attn.k_proj": 0.09539794921875,
            "self_attn.v_proj": 1.94921875,
            "self_attn.o_proj": 0.63330078125,
            "mlp.gate_proj": 0.1810302734375,
            "mlp.up_proj": 0.3056640625,
            "mlp.down_proj": 0.361328125
        },
        "13": {
            "self_attn.q_proj": 0.0994873046875,
            "self_attn.k_proj": 0.0889892578125,
            "self_attn.v_proj": 1.841796875,
            "self_attn.o_proj": 0.6962890625,
            "mlp.gate_proj": 0.1708984375,
            "mlp.up_proj": 0.3076171875,
            "mlp.down_proj": 0.34375
        },
        "14": {
            "self_attn.q_proj": 0.08642578125,
            "self_attn.k_proj": 0.07562255859375,
            "self_attn.v_proj": 1.6064453125,
            "self_attn.o_proj": 0.5322265625,
            "mlp.gate_proj": 0.1719970703125,
            "mlp.up_proj": 0.27001953125,
            "mlp.down_proj": 0.332763671875
        },
        "15": {
            "self_attn.q_proj": 0.144775390625,
            "self_attn.k_proj": 0.130126953125,
            "self_attn.v_proj": 1.4765625,
            "self_attn.o_proj": 0.434326171875,
            "mlp.gate_proj": 0.162841796875,
            "mlp.up_proj": 0.281494140625,
            "mlp.down_proj": 0.34716796875
        },
        "16": {
            "self_attn.q_proj": 0.0782470703125,
            "self_attn.k_proj": 0.06439208984375,
            "self_attn.v_proj": 1.05859375,
            "self_attn.o_proj": 0.42138671875,
            "mlp.gate_proj": 0.128662109375,
            "mlp.up_proj": 0.27099609375,
            "mlp.down_proj": 0.411865234375
        },
        "17": {
            "self_attn.q_proj": 0.06365966796875,
            "self_attn.k_proj": 0.06121826171875,
            "self_attn.v_proj": 0.802734375,
            "self_attn.o_proj": 0.2213134765625,
            "mlp.gate_proj": 0.1038818359375,
            "mlp.up_proj": 0.1900634765625,
            "mlp.down_proj": 0.33154296875
        },
        "18": {
            "self_attn.q_proj": 0.11865234375,
            "self_attn.k_proj": 0.127685546875,
            "self_attn.v_proj": 0.55615234375,
            "self_attn.o_proj": 0.13330078125,
            "mlp.gate_proj": 0.103759765625,
            "mlp.up_proj": 0.189208984375,
            "mlp.down_proj": 0.297119140625
        },
        "19": {
            "self_attn.q_proj": 0.03692626953125,
            "self_attn.k_proj": 0.029510498046875,
            "self_attn.v_proj": 0.404296875,
            "self_attn.o_proj": 0.1044921875,
            "mlp.gate_proj": 0.090576171875,
            "mlp.up_proj": 0.186279296875,
            "mlp.down_proj": 0.2744140625
        },
        "20": {
            "self_attn.q_proj": 0.034759521484375,
            "self_attn.k_proj": 0.036773681640625,
            "self_attn.v_proj": 0.416015625,
            "self_attn.o_proj": 0.1246337890625,
            "mlp.gate_proj": 0.077880859375,
            "mlp.up_proj": 0.12152099609375,
            "mlp.down_proj": 0.26318359375
        },
        "21": {
            "self_attn.q_proj": 0.0212554931640625,
            "self_attn.k_proj": 0.0173187255859375,
            "self_attn.v_proj": 0.24658203125,
            "self_attn.o_proj": 0.0677490234375,
            "mlp.gate_proj": 0.06353759765625,
            "mlp.up_proj": 0.12841796875,
            "mlp.down_proj": 0.239990234375
        },
        "22": {
            "self_attn.q_proj": 0.025177001953125,
            "self_attn.k_proj": 0.022430419921875,
            "self_attn.v_proj": 0.267578125,
            "self_attn.o_proj": 0.0887451171875,
            "mlp.gate_proj": 0.052978515625,
            "mlp.up_proj": 0.1038818359375,
            "mlp.down_proj": 0.1973876953125
        },