{
    "0": {
        "0": {
            "self_attn.q_proj": 4.8125,
            "self_attn.k_proj": 24.796875,
            "self_attn.v_proj": 3.43359375,
            "self_attn.o_proj": 85.6875,
            "mlp.gate_proj": 249.25,
            "mlp.up_proj": 899.5,
            "mlp.down_proj": 1.2197265625
        },
        "1": {
            "self_attn.q_proj": 1.8798828125,
            "self_attn.k_proj": 1.8173828125,
            "self_attn.v_proj": 1.7998046875,
            "self_attn.o_proj": 1.15625,
            "mlp.gate_proj": 1.0703125,
            "mlp.up_proj": 1.11328125,
            "mlp.down_proj": -0.100830078125
        },
        "2": {
            "self_attn.q_proj": 1.6435546875,
            "self_attn.k_proj": 1.5400390625,
            "self_attn.v_proj": 1.5751953125,
            "self_attn.o_proj": 1.59375,
            "mlp.gate_proj": 3.458984375,
            "mlp.up_proj": 2.65625,
            "mlp.down_proj": 0.86181640625
        },
        "3": {
            "self_attn.q_proj": 2.4921875,
            "self_attn.k_proj": 2.7578125,
            "self_attn.v_proj": 1.748046875,
            "self_attn.o_proj": 1.42578125,
            "mlp.gate_proj": 1.64453125,
            "mlp.up_proj": 1.4013671875,
            "mlp.down_proj": 1.267578125
        },
        "4": {
            "self_attn.q_proj": 1.7861328125,
            "self_attn.k_proj": 1.837890625,
            "self_attn.v_proj": 1.283203125,
            "self_attn.o_proj": 0.8876953125,
            "mlp.gate_proj": 1.05078125,
            "mlp.up_proj": 0.8857421875,
            "mlp.down_proj": 0.9169921875
        },
        "5": {
            "self_attn.q_proj": 1.77734375,
            "self_attn.k_proj": 1.98828125,
            "self_attn.v_proj": 1.451171875,
            "self_attn.o_proj": 1.216796875,
            "mlp.gate_proj": 1.466796875,
            "mlp.up_proj": 1.244140625,
            "mlp.down_proj": 1.025390625
        },
        "6": {
            "self_attn.q_proj": 1.03515625,
            "self_attn.k_proj": 1.1142578125,
            "self_attn.v_proj": 1.0498046875,
            "self_attn.o_proj": 1.1552734375,
            "mlp.gate_proj": 1.2841796875,
            "mlp.up_proj": 1.0517578125,
            "mlp.down_proj": 0.72021484375
        },
        "7": {
            "self_attn.q_proj": 2.013671875,
            "self_attn.k_proj": 2.296875,
            "self_attn.v_proj": 1.3974609375,
            "self_attn.o_proj": 1.02734375,
            "mlp.gate_proj": 1.14453125,
            "mlp.up_proj": 0.9501953125,
            "mlp.down_proj": 0.81640625
        },
        "8": {
            "self_attn.q_proj": 1.40625,
            "self_attn.k_proj": 1.373046875,
            "self_attn.v_proj": 0.79833984375,
            "self_attn.o_proj": 1.0517578125,
            "mlp.gate_proj": 1.08203125,
            "mlp.up_proj": 0.91943359375,
            "mlp.down_proj": 0.828125
        },
        "9": {
            "self_attn.q_proj": 1.19140625,
            "self_attn.k_proj": 1.5654296875,
            "self_attn.v_proj": 0.9287109375,
            "self_attn.o_proj": 1.0146484375,
            "mlp.gate_proj": 0.9716796875,
            "mlp.up_proj": 0.81787109375,
            "mlp.down_proj": 0.845703125
        },
        "10": {
            "self_attn.q_proj": 1.6142578125,
            "self_attn.k_proj": 1.9873046875,
            "self_attn.v_proj": 1.212890625,
            "self_attn.o_proj": 0.95703125,
            "mlp.gate_proj": 0.9560546875,
            "mlp.up_proj": 0.85498046875,
            "mlp.down_proj": 0.83935546875
        },
        "11": {
            "self_attn.q_proj": 0.87548828125,
            "self_attn.k_proj": 0.7548828125,
            "self_attn.v_proj": 1.0185546875,
            "self_attn.o_proj": 1.0078125,
            "mlp.gate_proj": 1.166015625,
            "mlp.up_proj": 0.9833984375,
            "mlp.down_proj": 0.94580078125
        },
        "12": {
            "self_attn.q_proj": 0.958984375,
            "self_attn.k_proj": 0.947265625,
            "self_attn.v_proj": 1.2705078125,
            "self_attn.o_proj": 1.1904296875,
            "mlp.gate_proj": 1.2236328125,
            "mlp.up_proj": 1.0732421875,
            "mlp.down_proj": 0.89501953125
        },
        "13": {
            "self_attn.q_proj": 1.3798828125,
            "self_attn.k_proj": 1.54296875,
            "self_attn.v_proj": 1.3232421875,
            "self_attn.o_proj": 1.1416015625,
            "mlp.gate_proj": 1.201171875,
            "mlp.up_proj": 1.076171875,
            "mlp.down_proj": 1.0068359375
        },
        "14": {
            "self_attn.q_proj": 1.62890625,
            "self_attn.k_proj": 1.4794921875,
            "self_attn.v_proj": 1.4453125,
            "self_attn.o_proj": 1.0888671875,
            "mlp.gate_proj": 1.3759765625,
            "mlp.up_proj": 1.212890625,
            "mlp.down_proj": 1.0244140625
        },
        "15": {
            "self_attn.q_proj": 0.66943359375,
            "self_attn.k_proj": 0.7041015625,
            "self_attn.v_proj": 1.013671875,
            "self_attn.o_proj": 1.2099609375,
            "mlp.gate_proj": 1.423828125,
            "mlp.up_proj": 1.265625,
            "mlp.down_proj": 1.02734375
        },
        "16": {
            "self_attn.q_proj": 1.17578125,
            "self_attn.k_proj": 1.4306640625,
            "self_attn.v_proj": 1.373046875,
            "self_attn.o_proj": 1.3388671875,
            "mlp.gate_proj": 1.5185546875,
            "mlp.up_proj": 1.4248046875,
            "mlp.down_proj": 1.2373046875
        },
        "17": {
            "self_attn.q_proj": 1.3427734375,
            "self_attn.k_proj": 1.3603515625,
            "self_attn.v_proj": 1.3349609375,
            "self_attn.o_proj": 1.0087890625,
            "mlp.gate_proj": 1.4248046875,
            "mlp.up_proj": 1.234375,
            "mlp.down_proj": 1.1298828125
        },
        "18": {
            "self_attn.q_proj": 1.203125,
            "self_attn.k_proj": 1.0908203125,
            "self_attn.v_proj": 1.4365234375,
            "self_attn.o_proj": 1.1708984375,
            "mlp.gate_proj": 1.67578125,
            "mlp.up_proj": 1.388671875,
            "mlp.down_proj": 1.109375
        },
        "19": {
            "self_attn.q_proj": 1.38671875,
            "self_attn.k_proj": 1.46484375,
            "self_attn.v_proj": 1.322265625,
            "self_attn.o_proj": 1.5283203125,
            "mlp.gate_proj": 1.7724609375,
            "mlp.up_proj": 0.9765625,
            "mlp.down_proj": 1.27734375
        },
        "20": {
            "self_attn.q_proj": 2.349609375,
            "self_attn.k_proj": 2.515625,
            "self_attn.v_proj": 1.66015625,
            "self_attn.o_proj": 1.25,
            "mlp.gate_proj": 1.7958984375,
            "mlp.up_proj": 1.5478515625,
            "mlp.down_proj": 1.109375
        },
        "21": {
            "self_attn.q_proj": 2.314453125,
            "self_attn.k_proj": 2.544921875,
            "self_attn.v_proj": 1.705078125,
            "self_attn.o_proj": 1.6005859375,
            "mlp.gate_proj": 2.04296875,
            "mlp.up_proj": 1.443359375,
            "mlp.down_proj": 1.1669921875
        },
        "22": {
            "self_attn.q_proj": 1.6201171875,
            "self_attn.k_proj": 1.583984375,
            "self_attn.v_proj": 1.5791015625,
            "self_attn.o_proj": 1.2646484375,
            "mlp.gate_proj": 2.453125,
            "mlp.up_proj": 1.7578125,
            "mlp.down_proj": 1.134765625
        },
        "23": {
            "self_attn.q_proj": 1.560546875,
            "self_attn.k_proj": 1.48828125,
            "self_attn.v_proj": 1.423828125,
            "self_attn.o_proj": 1.1826171875,
            "mlp.gate_proj": 2.287109375,
            "mlp.up_proj": 1.5283203125,
            "mlp.down_proj": 1.3037109375
        },
        "24": {
            "self_attn.q_proj": 2.85546875,