{
    "3": {
        "0": {
            "self_attn.q_proj": 0.049407958984375,
            "self_attn.k_proj": 0.0059051513671875,
            "self_attn.v_proj": 10.2109375,
            "self_attn.o_proj": 0.75830078125,
            "mlp.gate_proj": 0.041229248046875,
            "mlp.up_proj": 0.0655517578125,
            "mlp.down_proj": 0.275146484375
        },
        "1": {
            "self_attn.q_proj": 0.018524169921875,
            "self_attn.k_proj": 0.016571044921875,
            "self_attn.v_proj": 37.09375,
            "self_attn.o_proj": 2.029296875,
            "mlp.gate_proj": 0.112548828125,
            "mlp.up_proj": 0.2276611328125,
            "mlp.down_proj": 92.375
        },
        "2": {
            "self_attn.q_proj": 0.1309814453125,
            "self_attn.k_proj": 0.08367919921875,
            "self_attn.v_proj": 3.484375,
            "self_attn.o_proj": 2.61328125,
            "mlp.gate_proj": 0.2646484375,
            "mlp.up_proj": 0.6123046875,
            "mlp.down_proj": 0.7529296875
        },
        "3": {
            "self_attn.q_proj": 0.1497802734375,
            "self_attn.k_proj": 0.11865234375,
            "self_attn.v_proj": 3.939453125,
            "self_attn.o_proj": 1.091796875,
            "mlp.gate_proj": 0.367919921875,
            "mlp.up_proj": 0.79833984375,
            "mlp.down_proj": 1.1982421875
        },
        "4": {
            "self_attn.q_proj": 0.148681640625,
            "self_attn.k_proj": 0.1014404296875,
            "self_attn.v_proj": 3.2578125,
            "self_attn.o_proj": 0.9697265625,
            "mlp.gate_proj": 0.4189453125,
            "mlp.up_proj": 0.68017578125,
            "mlp.down_proj": 0.9462890625
        },
        "5": {
            "self_attn.q_proj": 0.10833740234375,
            "self_attn.k_proj": 0.09368896484375,
            "self_attn.v_proj": 3.4375,
            "self_attn.o_proj": 1.0302734375,
            "mlp.gate_proj": 0.40966796875,
            "mlp.up_proj": 0.70703125,
            "mlp.down_proj": 0.83984375
        },
        "6": {
            "self_attn.q_proj": 0.1710205078125,
            "self_attn.k_proj": 0.11761474609375,
            "self_attn.v_proj": 3.349609375,
            "self_attn.o_proj": 0.92724609375,
            "mlp.gate_proj": 0.8837890625,
            "mlp.up_proj": 0.7236328125,
            "mlp.down_proj": 0.849609375
        },
        "7": {
            "self_attn.q_proj": 0.1837158203125,
            "self_attn.k_proj": 0.1202392578125,
            "self_attn.v_proj": 2.724609375,
            "self_attn.o_proj": 0.92626953125,
            "mlp.gate_proj": 0.32177734375,
            "mlp.up_proj": 0.70654296875,
            "mlp.down_proj": 0.73974609375
        },
        "8": {
            "self_attn.q_proj": 0.1458740234375,
            "self_attn.k_proj": 0.1085205078125,
            "self_attn.v_proj": 2.69921875,
            "self_attn.o_proj": 0.96630859375,
            "mlp.gate_proj": 0.277587890625,
            "mlp.up_proj": 0.55859375,
            "mlp.down_proj": 0.65625
        },
        "9": {
            "self_attn.q_proj": 0.12469482421875,
            "self_attn.k_proj": 0.1090087890625,
            "self_attn.v_proj": 2.349609375,
            "self_attn.o_proj": 0.8330078125,
            "mlp.gate_proj": 0.2418212890625,
            "mlp.up_proj": 0.472412109375,
            "mlp.down_proj": 0.498291015625
        },
        "10": {
            "self_attn.q_proj": 0.10009765625,
            "self_attn.k_proj": 0.11236572265625,
            "self_attn.v_proj": 2.48046875,
            "self_attn.o_proj": 0.94873046875,
            "mlp.gate_proj": 0.2308349609375,
            "mlp.up_proj": 0.425048828125,
            "mlp.down_proj": 0.46826171875
        },
        "11": {
            "self_attn.q_proj": 0.11663818359375,
            "self_attn.k_proj": 0.10736083984375,
            "self_attn.v_proj": 2.4609375,
            "self_attn.o_proj": 0.71923828125,
            "mlp.gate_proj": 0.19091796875,
            "mlp.up_proj": 0.336669921875,
            "mlp.down_proj": 0.419921875
        },
        "12": {
            "self_attn.q_proj": 0.1085205078125,
            "self_attn.k_proj": 0.097412109375,
            "self_attn.v_proj": 2.0234375,
            "self_attn.o_proj": 0.63525390625,
            "mlp.gate_proj": 0.1854248046875,
            "mlp.up_proj": 0.3076171875,
            "mlp.down_proj": 0.3583984375
        },
        "13": {
            "self_attn.q_proj": 0.0987548828125,
            "self_attn.k_proj": 0.0887451171875,
            "self_attn.v_proj": 1.8798828125,
            "self_attn.o_proj": 0.693359375,
            "mlp.gate_proj": 0.172119140625,
            "mlp.up_proj": 0.30517578125,
            "mlp.down_proj": 0.344970703125
        },
        "14": {
            "self_attn.q_proj": 0.0863037109375,
            "self_attn.k_proj": 0.07891845703125,
            "self_attn.v_proj": 1.5888671875,
            "self_attn.o_proj": 0.53466796875,
            "mlp.gate_proj": 0.1695556640625,
            "mlp.up_proj": 0.2744140625,
            "mlp.down_proj": 0.330810546875
        },
        "15": {
            "self_attn.q_proj": 0.1451416015625,
            "self_attn.k_proj": 0.12939453125,
            "self_attn.v_proj": 1.4716796875,
            "self_attn.o_proj": 0.4384765625,
            "mlp.gate_proj": 0.160888671875,
            "mlp.up_proj": 0.28369140625,
            "mlp.down_proj": 0.349609375
        },
        "16": {
            "self_attn.q_proj": 0.078125,
            "self_attn.k_proj": 0.06451416015625,
            "self_attn.v_proj": 1.064453125,
            "self_attn.o_proj": 0.424560546875,
            "mlp.gate_proj": 0.12744140625,
            "mlp.up_proj": 0.264404296875,
            "mlp.down_proj": 0.411376953125
        },
        "17": {
            "self_attn.q_proj": 0.06280517578125,
            "self_attn.k_proj": 0.062225341796875,
            "self_attn.v_proj": 0.81494140625,
            "self_attn.o_proj": 0.22119140625,
            "mlp.gate_proj": 0.1043701171875,
            "mlp.up_proj": 0.1885986328125,
            "mlp.down_proj": 0.329833984375
        },
        "18": {
            "self_attn.q_proj": 0.116943359375,
            "self_attn.k_proj": 0.138671875,
            "self_attn.v_proj": 0.568359375,
            "self_attn.o_proj": 0.13525390625,
            "mlp.gate_proj": 0.10516357421875,
            "mlp.up_proj": 0.18994140625,
            "mlp.down_proj": 0.2958984375
        },
        "19": {
            "self_attn.q_proj": 0.037689208984375,
            "self_attn.k_proj": 0.029815673828125,
            "self_attn.v_proj": 0.40771484375,
            "self_attn.o_proj": 0.10430908203125,
            "mlp.gate_proj": 0.09197998046875,
            "mlp.up_proj": 0.1864013671875,
            "mlp.down_proj": 0.274658203125
        },
        "20": {
            "self_attn.q_proj": 0.034942626953125,
            "self_attn.k_proj": 0.0357666015625,
            "self_attn.v_proj": 0.422119140625,
            "self_attn.o_proj": 0.1259765625,
            "mlp.gate_proj": 0.07818603515625,
            "mlp.up_proj": 0.1217041015625,
            "mlp.down_proj": 0.262451171875
        },
        "21": {
            "self_attn.q_proj": 0.0214385986328125,
            "self_attn.k_proj": 0.0174102783203125,
            "self_attn.v_proj": 0.244873046875,
            "self_attn.o_proj": 0.068603515625,
            "mlp.gate_proj": 0.06353759765625,
            "mlp.up_proj": 0.1275634765625,
            "mlp.down_proj": 0.2376708984375
        },
        "22": {
            "self_attn.q_proj": 0.0254974365234375,
            "self_attn.k_proj": 0.0226898193359375,
            "self_attn.v_proj": 0.27294921875,
            "self_attn.o_proj": 0.08856201171875,
            "mlp.gate_proj": 0.053558349609375,
            "mlp.up_proj": 0.10382080078125,
            "mlp.down_proj": 0.197998046875
        },