{
    "8": {
        "0": {
            "self_attn.q_proj": 0.0318603515625,
            "self_attn.k_proj": 0.01158905029296875,
            "self_attn.v_proj": 9.046875,
            "self_attn.o_proj": 1.734375,
            "mlp.gate_proj": 0.09130859375,
            "mlp.up_proj": 0.1370849609375,
            "mlp.down_proj": 0.58203125
        },
        "1": {
            "self_attn.q_proj": 0.03302001953125,
            "self_attn.k_proj": 0.0272216796875,
            "self_attn.v_proj": 61.875,
            "self_attn.o_proj": 3.513671875,
            "mlp.gate_proj": 0.277099609375,
            "mlp.up_proj": 0.5146484375,
            "mlp.down_proj": 217.25
        },
        "2": {
            "self_attn.q_proj": 0.189453125,
            "self_attn.k_proj": 0.1483154296875,
            "self_attn.v_proj": 5.8203125,
            "self_attn.o_proj": 1.7861328125,
            "mlp.gate_proj": 0.6513671875,
            "mlp.up_proj": 1.0185546875,
            "mlp.down_proj": 1.6650390625
        },
        "3": {
            "self_attn.q_proj": 0.34619140625,
            "self_attn.k_proj": 0.243408203125,
            "self_attn.v_proj": 5.921875,
            "self_attn.o_proj": 1.98828125,
            "mlp.gate_proj": 0.9990234375,
            "mlp.up_proj": 1.4580078125,
            "mlp.down_proj": 1.78515625
        },
        "4": {
            "self_attn.q_proj": 0.275146484375,
            "self_attn.k_proj": 0.1925048828125,
            "self_attn.v_proj": 6.32421875,
            "self_attn.o_proj": 1.5205078125,
            "mlp.gate_proj": 0.93212890625,
            "mlp.up_proj": 1.5810546875,
            "mlp.down_proj": 2.03125
        },
        "5": {
            "self_attn.q_proj": 0.232421875,
            "self_attn.k_proj": 0.158203125,
            "self_attn.v_proj": 5.63671875,
            "self_attn.o_proj": 2.03515625,
            "mlp.gate_proj": 0.92041015625,
            "mlp.up_proj": 1.5810546875,
            "mlp.down_proj": 1.8056640625
        },
        "6": {
            "self_attn.q_proj": 0.326171875,
            "self_attn.k_proj": 0.2220458984375,
            "self_attn.v_proj": 5.19921875,
            "self_attn.o_proj": 1.7666015625,
            "mlp.gate_proj": 0.8583984375,
            "mlp.up_proj": 1.6376953125,
            "mlp.down_proj": 1.859375
        },
        "7": {
            "self_attn.q_proj": 0.3544921875,
            "self_attn.k_proj": 0.235595703125,
            "self_attn.v_proj": 4.76171875,
            "self_attn.o_proj": 1.7685546875,
            "mlp.gate_proj": 0.8212890625,
            "mlp.up_proj": 1.55859375,
            "mlp.down_proj": 1.650390625
        },
        "8": {
            "self_attn.q_proj": 0.3017578125,
            "self_attn.k_proj": 0.2252197265625,
            "self_attn.v_proj": 5.125,
            "self_attn.o_proj": 1.7822265625,
            "mlp.gate_proj": 0.685546875,
            "mlp.up_proj": 1.2626953125,
            "mlp.down_proj": 1.4287109375
        },
        "9": {
            "self_attn.q_proj": 0.26416015625,
            "self_attn.k_proj": 0.2144775390625,
            "self_attn.v_proj": 4.36328125,
            "self_attn.o_proj": 1.63671875,
            "mlp.gate_proj": 0.60498046875,
            "mlp.up_proj": 1.076171875,
            "mlp.down_proj": 1.138671875
        },
        "10": {
            "self_attn.q_proj": 0.1971435546875,
            "self_attn.k_proj": 0.1954345703125,
            "self_attn.v_proj": 4.63671875,
            "self_attn.o_proj": 1.798828125,
            "mlp.gate_proj": 0.55908203125,
            "mlp.up_proj": 0.9755859375,
            "mlp.down_proj": 1.0712890625
        },
        "11": {
            "self_attn.q_proj": 0.2320556640625,
            "self_attn.k_proj": 0.2091064453125,
            "self_attn.v_proj": 4.4765625,
            "self_attn.o_proj": 1.2958984375,
            "mlp.gate_proj": 0.47900390625,
            "mlp.up_proj": 0.79541015625,
            "mlp.down_proj": 0.95947265625
        },
        "12": {
            "self_attn.q_proj": 0.208251953125,
            "self_attn.k_proj": 0.177734375,
            "self_attn.v_proj": 3.43359375,
            "self_attn.o_proj": 1.142578125,
            "mlp.gate_proj": 0.44970703125,
            "mlp.up_proj": 0.7119140625,
            "mlp.down_proj": 0.837890625
        },
        "13": {
            "self_attn.q_proj": 0.1810302734375,
            "self_attn.k_proj": 0.1566162109375,
            "self_attn.v_proj": 3.111328125,
            "self_attn.o_proj": 1.2392578125,
            "mlp.gate_proj": 0.4228515625,
            "mlp.up_proj": 0.69091796875,
            "mlp.down_proj": 0.78955078125
        },
        "14": {
            "self_attn.q_proj": 0.1446533203125,
            "self_attn.k_proj": 0.12744140625,
            "self_attn.v_proj": 2.736328125,
            "self_attn.o_proj": 0.96728515625,
            "mlp.gate_proj": 0.422119140625,
            "mlp.up_proj": 0.626953125,
            "mlp.down_proj": 0.77490234375
        },
        "15": {
            "self_attn.q_proj": 0.239501953125,
            "self_attn.k_proj": 0.206787109375,
            "self_attn.v_proj": 2.48046875,
            "self_attn.o_proj": 0.83056640625,
            "mlp.gate_proj": 0.403564453125,
            "mlp.up_proj": 0.634765625,
            "mlp.down_proj": 0.806640625
        },
        "16": {
            "self_attn.q_proj": 0.147705078125,
            "self_attn.k_proj": 0.1217041015625,
            "self_attn.v_proj": 1.8896484375,
            "self_attn.o_proj": 0.81689453125,
            "mlp.gate_proj": 0.34130859375,
            "mlp.up_proj": 0.62548828125,
            "mlp.down_proj": 0.94287109375
        },
        "17": {
            "self_attn.q_proj": 0.1214599609375,
            "self_attn.k_proj": 0.1065673828125,
            "self_attn.v_proj": 1.353515625,
            "self_attn.o_proj": 0.439697265625,
            "mlp.gate_proj": 0.30615234375,
            "mlp.up_proj": 0.492919921875,
            "mlp.down_proj": 0.80322265625
        },
        "18": {
            "self_attn.q_proj": 0.1820068359375,
            "self_attn.k_proj": 0.174072265625,
            "self_attn.v_proj": 0.9599609375,
            "self_attn.o_proj": 0.284912109375,
            "mlp.gate_proj": 0.298095703125,
            "mlp.up_proj": 0.495849609375,
            "mlp.down_proj": 0.7255859375
        },
        "19": {
            "self_attn.q_proj": 0.0775146484375,
            "self_attn.k_proj": 0.05865478515625,
            "self_attn.v_proj": 0.71728515625,
            "self_attn.o_proj": 0.226806640625,
            "mlp.gate_proj": 0.2763671875,
            "mlp.up_proj": 0.474609375,
            "mlp.down_proj": 0.671875
        },
        "20": {
            "self_attn.q_proj": 0.0682373046875,
            "self_attn.k_proj": 0.06695556640625,
            "self_attn.v_proj": 0.72412109375,
            "self_attn.o_proj": 0.2646484375,
            "mlp.gate_proj": 0.2442626953125,
            "mlp.up_proj": 0.354248046875,
            "mlp.down_proj": 0.65380859375
        },
        "21": {
            "self_attn.q_proj": 0.04083251953125,
            "self_attn.k_proj": 0.030303955078125,
            "self_attn.v_proj": 0.436767578125,
            "self_attn.o_proj": 0.1556396484375,
            "mlp.gate_proj": 0.216552734375,
            "mlp.up_proj": 0.352783203125,
            "mlp.down_proj": 0.595703125
        },
        "22": {
            "self_attn.q_proj": 0.05340576171875,
            "self_attn.k_proj": 0.044647216796875,
            "self_attn.v_proj": 0.4658203125,
            "self_attn.o_proj": 0.189697265625,
            "mlp.gate_proj": 0.1944580078125,
            "mlp.up_proj": 0.31103515625,
            "mlp.down_proj": 0.51416015625
        },
        "23": {
            "self_attn.q_proj": 0.040863037109375,
            "self_attn.k_proj": 0.032318115234375,