{
    "3": {
        "0": {
            "self_attn.q_proj": 0.0489501953125,
            "self_attn.k_proj": 0.005889892578125,
            "self_attn.v_proj": 10.234375,
            "self_attn.o_proj": 0.759765625,
            "mlp.gate_proj": 0.040985107421875,
            "mlp.up_proj": 0.0655517578125,
            "mlp.down_proj": 0.27392578125
        },
        "1": {
            "self_attn.q_proj": 0.0185089111328125,
            "self_attn.k_proj": 0.0164642333984375,
            "self_attn.v_proj": 37.21875,
            "self_attn.o_proj": 2.021484375,
            "mlp.gate_proj": 0.11279296875,
            "mlp.up_proj": 0.2264404296875,
            "mlp.down_proj": 92.4375
        },
        "2": {
            "self_attn.q_proj": 0.1324462890625,
            "self_attn.k_proj": 0.08453369140625,
            "self_attn.v_proj": 3.427734375,
            "self_attn.o_proj": 2.55859375,
            "mlp.gate_proj": 0.26513671875,
            "mlp.up_proj": 0.609375,
            "mlp.down_proj": 0.7509765625
        },
        "3": {
            "self_attn.q_proj": 0.149658203125,
            "self_attn.k_proj": 0.1182861328125,
            "self_attn.v_proj": 3.9609375,
            "self_attn.o_proj": 1.0947265625,
            "mlp.gate_proj": 0.367919921875,
            "mlp.up_proj": 0.79443359375,
            "mlp.down_proj": 1.2177734375
        },
        "4": {
            "self_attn.q_proj": 0.1480712890625,
            "self_attn.k_proj": 0.10235595703125,
            "self_attn.v_proj": 3.259765625,
            "self_attn.o_proj": 0.97802734375,
            "mlp.gate_proj": 0.421142578125,
            "mlp.up_proj": 0.681640625,
            "mlp.down_proj": 0.94677734375
        },
        "5": {
            "self_attn.q_proj": 0.10833740234375,
            "self_attn.k_proj": 0.0931396484375,
            "self_attn.v_proj": 3.435546875,
            "self_attn.o_proj": 1.029296875,
            "mlp.gate_proj": 0.40966796875,
            "mlp.up_proj": 0.70703125,
            "mlp.down_proj": 0.84033203125
        },
        "6": {
            "self_attn.q_proj": 0.1708984375,
            "self_attn.k_proj": 0.11785888671875,
            "self_attn.v_proj": 3.35546875,
            "self_attn.o_proj": 0.92724609375,
            "mlp.gate_proj": 0.87158203125,
            "mlp.up_proj": 0.7236328125,
            "mlp.down_proj": 0.849609375
        },
        "7": {
            "self_attn.q_proj": 0.1837158203125,
            "self_attn.k_proj": 0.12030029296875,
            "self_attn.v_proj": 2.7265625,
            "self_attn.o_proj": 0.9267578125,
            "mlp.gate_proj": 0.321533203125,
            "mlp.up_proj": 0.70654296875,
            "mlp.down_proj": 0.7392578125
        },
        "8": {
            "self_attn.q_proj": 0.1461181640625,
            "self_attn.k_proj": 0.1085205078125,
            "self_attn.v_proj": 2.697265625,
            "self_attn.o_proj": 0.96533203125,
            "mlp.gate_proj": 0.277587890625,
            "mlp.up_proj": 0.55859375,
            "mlp.down_proj": 0.65625
        },
        "9": {
            "self_attn.q_proj": 0.12469482421875,
            "self_attn.k_proj": 0.1090087890625,
            "self_attn.v_proj": 2.349609375,
            "self_attn.o_proj": 0.83349609375,
            "mlp.gate_proj": 0.241943359375,
            "mlp.up_proj": 0.472412109375,
            "mlp.down_proj": 0.498291015625
        },
        "10": {
            "self_attn.q_proj": 0.10015869140625,
            "self_attn.k_proj": 0.11248779296875,
            "self_attn.v_proj": 2.482421875,
            "self_attn.o_proj": 0.94873046875,
            "mlp.gate_proj": 0.230712890625,
            "mlp.up_proj": 0.425048828125,
            "mlp.down_proj": 0.46826171875
        },
        "11": {
            "self_attn.q_proj": 0.11669921875,
            "self_attn.k_proj": 0.1072998046875,
            "self_attn.v_proj": 2.4609375,
            "self_attn.o_proj": 0.7197265625,
            "mlp.gate_proj": 0.1910400390625,
            "mlp.up_proj": 0.336669921875,
            "mlp.down_proj": 0.41943359375
        },
        "12": {
            "self_attn.q_proj": 0.108642578125,
            "self_attn.k_proj": 0.097412109375,
            "self_attn.v_proj": 2.021484375,
            "self_attn.o_proj": 0.63525390625,
            "mlp.gate_proj": 0.185546875,
            "mlp.up_proj": 0.3076171875,
            "mlp.down_proj": 0.3583984375
        },
        "13": {
            "self_attn.q_proj": 0.09869384765625,
            "self_attn.k_proj": 0.0887451171875,
            "self_attn.v_proj": 1.87890625,
            "self_attn.o_proj": 0.693359375,
            "mlp.gate_proj": 0.172119140625,
            "mlp.up_proj": 0.305419921875,
            "mlp.down_proj": 0.3447265625
        },
        "14": {
            "self_attn.q_proj": 0.0863037109375,
            "self_attn.k_proj": 0.07904052734375,
            "self_attn.v_proj": 1.5888671875,
            "self_attn.o_proj": 0.53466796875,
            "mlp.gate_proj": 0.1695556640625,
            "mlp.up_proj": 0.2744140625,
            "mlp.down_proj": 0.330810546875
        },
        "15": {
            "self_attn.q_proj": 0.145263671875,
            "self_attn.k_proj": 0.12939453125,
            "self_attn.v_proj": 1.4716796875,
            "self_attn.o_proj": 0.4384765625,
            "mlp.gate_proj": 0.160888671875,
            "mlp.up_proj": 0.28369140625,
            "mlp.down_proj": 0.349609375
        },
        "16": {
            "self_attn.q_proj": 0.07818603515625,
            "self_attn.k_proj": 0.0645751953125,
            "self_attn.v_proj": 1.064453125,
            "self_attn.o_proj": 0.424560546875,
            "mlp.gate_proj": 0.1273193359375,
            "mlp.up_proj": 0.264404296875,
            "mlp.down_proj": 0.411376953125
        },
        "17": {
            "self_attn.q_proj": 0.0628662109375,
            "self_attn.k_proj": 0.062286376953125,
            "self_attn.v_proj": 0.81396484375,
            "self_attn.o_proj": 0.22119140625,
            "mlp.gate_proj": 0.1044921875,
            "mlp.up_proj": 0.1885986328125,
            "mlp.down_proj": 0.329833984375
        },
        "18": {
            "self_attn.q_proj": 0.11688232421875,
            "self_attn.k_proj": 0.138427734375,
            "self_attn.v_proj": 0.568359375,
            "self_attn.o_proj": 0.13525390625,
            "mlp.gate_proj": 0.10516357421875,
            "mlp.up_proj": 0.18994140625,
            "mlp.down_proj": 0.2958984375
        },
        "19": {
            "self_attn.q_proj": 0.03765869140625,
            "self_attn.k_proj": 0.02984619140625,
            "self_attn.v_proj": 0.40771484375,
            "self_attn.o_proj": 0.10430908203125,
            "mlp.gate_proj": 0.09197998046875,
            "mlp.up_proj": 0.1864013671875,
            "mlp.down_proj": 0.274658203125
        },
        "20": {
            "self_attn.q_proj": 0.034942626953125,
            "self_attn.k_proj": 0.035736083984375,
            "self_attn.v_proj": 0.422119140625,
            "self_attn.o_proj": 0.1259765625,
            "mlp.gate_proj": 0.0782470703125,
            "mlp.up_proj": 0.12176513671875,
            "mlp.down_proj": 0.26220703125
        },
        "21": {
            "self_attn.q_proj": 0.021453857421875,
            "self_attn.k_proj": 0.01739501953125,
            "self_attn.v_proj": 0.2449951171875,
            "self_attn.o_proj": 0.068603515625,
            "mlp.gate_proj": 0.06353759765625,
            "mlp.up_proj": 0.1275634765625,
            "mlp.down_proj": 0.23779296875
        },
        "22": {
            "self_attn.q_proj": 0.0254974365234375,
            "self_attn.k_proj": 0.022705078125,
            "self_attn.v_proj": 0.27294921875,
            "self_attn.o_proj": 0.08856201171875,
            "mlp.gate_proj": 0.053558349609375,
            "mlp.up_proj": 0.10382080078125,
            "mlp.down_proj": 0.197998046875
        },