{
    "0": {
        "self_attn.q_proj.weight": 1.40234375,
        "self_attn.k_proj.weight": 1.212890625,
        "self_attn.v_proj.weight": 39.84375,
        "self_attn.o_proj.weight": 103.5,
        "mlp.gate_proj.weight": 1.205078125,
        "mlp.up_proj.weight": 1.783203125,
        "mlp.down_proj.weight": 1.91015625
    },
    "1": {
        "self_attn.q_proj.weight": 2.4296875,
        "self_attn.k_proj.weight": 2.017578125,
        "self_attn.v_proj.weight": 7.1875,
        "self_attn.o_proj.weight": 2.0625,
        "mlp.gate_proj.weight": 1.4931640625,
        "mlp.up_proj.weight": 1.44140625,
        "mlp.down_proj.weight": -0.407958984375
    },
    "2": {
        "self_attn.q_proj.weight": 2.08203125,
        "self_attn.k_proj.weight": 1.6875,
        "self_attn.v_proj.weight": 0.96923828125,
        "self_attn.o_proj.weight": 1.0927734375,
        "mlp.gate_proj.weight": 2.185546875,
        "mlp.up_proj.weight": 2.470703125,
        "mlp.down_proj.weight": 1.1630859375
    },
    "3": {
        "self_attn.q_proj.weight": 2.8046875,
        "self_attn.k_proj.weight": 1.501953125,
        "self_attn.v_proj.weight": 1.00390625,
        "self_attn.o_proj.weight": 1.4306640625,
        "mlp.gate_proj.weight": 4.37109375,
        "mlp.up_proj.weight": 1.1181640625,
        "mlp.down_proj.weight": 1.5576171875
    },
    "4": {
        "self_attn.q_proj.weight": 1.0224609375,
        "self_attn.k_proj.weight": 0.5810546875,
        "self_attn.v_proj.weight": 0.74462890625,
        "self_attn.o_proj.weight": 0.7216796875,
        "mlp.gate_proj.weight": 4.6015625,
        "mlp.up_proj.weight": 2.115234375,
        "mlp.down_proj.weight": 1.177734375
    },
    "5": {
        "self_attn.q_proj.weight": 1.787109375,
        "self_attn.k_proj.weight": 4.66796875,
        "self_attn.v_proj.weight": 0.83642578125,
        "self_attn.o_proj.weight": 1.0009765625,
        "mlp.gate_proj.weight": 0.93017578125,
        "mlp.up_proj.weight": 0.71728515625,
        "mlp.down_proj.weight": 1.1748046875
    },
    "6": {
        "self_attn.q_proj.weight": 0.701171875,
        "self_attn.k_proj.weight": 1.119140625,
        "self_attn.v_proj.weight": 0.84033203125,
        "self_attn.o_proj.weight": 2.189453125,
        "mlp.gate_proj.weight": 1.1337890625,
        "mlp.up_proj.weight": 0.96044921875,
        "mlp.down_proj.weight": 1.09765625
    },
    "7": {
        "self_attn.q_proj.weight": 1.4482421875,
        "self_attn.k_proj.weight": 1.7939453125,
        "self_attn.v_proj.weight": 0.93310546875,
        "self_attn.o_proj.weight": 0.86181640625,
        "mlp.gate_proj.weight": 0.93359375,
        "mlp.up_proj.weight": 0.85009765625,
        "mlp.down_proj.weight": 0.6396484375
    },
    "8": {
        "self_attn.q_proj.weight": 0.356201171875,
        "self_attn.k_proj.weight": 0.921875,
        "self_attn.v_proj.weight": 0.6708984375,
        "self_attn.o_proj.weight": 1.1279296875,
        "mlp.gate_proj.weight": 0.7880859375,
        "mlp.up_proj.weight": 0.70068359375,
        "mlp.down_proj.weight": 0.6728515625
    },
    "9": {
        "self_attn.q_proj.weight": 1.0322265625,
        "self_attn.k_proj.weight": 0.90576171875,
        "self_attn.v_proj.weight": 0.88330078125,
        "self_attn.o_proj.weight": 0.75439453125,
        "mlp.gate_proj.weight": 0.63525390625,
        "mlp.up_proj.weight": 0.7880859375,
        "mlp.down_proj.weight": 0.7373046875
    },
    "10": {
        "self_attn.q_proj.weight": 0.75146484375,
        "self_attn.k_proj.weight": 2.076171875,
        "self_attn.v_proj.weight": 0.734375,
        "self_attn.o_proj.weight": 0.71923828125,
        "mlp.gate_proj.weight": 0.716796875,
        "mlp.up_proj.weight": 0.66357421875,
        "mlp.down_proj.weight": 0.60986328125
    },
    "11": {
        "self_attn.q_proj.weight": 0.72412109375,
        "self_attn.k_proj.weight": 0.50439453125,
        "self_attn.v_proj.weight": 0.78466796875,
        "self_attn.o_proj.weight": 0.7822265625,
        "mlp.gate_proj.weight": 0.7451171875,
        "mlp.up_proj.weight": 0.6103515625,
        "mlp.down_proj.weight": 0.6484375
    },
    "12": {
        "self_attn.q_proj.weight": 0.55712890625,
        "self_attn.k_proj.weight": 0.77490234375,
        "self_attn.v_proj.weight": 0.7216796875,
        "self_attn.o_proj.weight": 0.498291015625,
        "mlp.gate_proj.weight": 0.63330078125,
        "mlp.up_proj.weight": 0.751953125,
        "mlp.down_proj.weight": 0.49755859375
    },
    "13": {
        "self_attn.q_proj.weight": 0.70068359375,
        "self_attn.k_proj.weight": 0.599609375,
        "self_attn.v_proj.weight": 0.642578125,
        "self_attn.o_proj.weight": 0.63818359375,
        "mlp.gate_proj.weight": 0.7255859375,
        "mlp.up_proj.weight": 0.80126953125,
        "mlp.down_proj.weight": 0.65234375
    },
    "14": {
        "self_attn.q_proj.weight": 0.66796875,
        "self_attn.k_proj.weight": 0.488037109375,
        "self_attn.v_proj.weight": 0.5869140625,
        "self_attn.o_proj.weight": 0.732421875,
        "mlp.gate_proj.weight": 0.599609375,
        "mlp.up_proj.weight": 0.69140625,
        "mlp.down_proj.weight": 0.587890625
    },
    "15": {
        "self_attn.q_proj.weight": 0.44384765625,
        "self_attn.k_proj.weight": 0.298583984375,
        "self_attn.v_proj.weight": 0.89111328125,
        "self_attn.o_proj.weight": 0.64501953125,
        "mlp.gate_proj.weight": 0.7314453125,
        "mlp.up_proj.weight": 0.669921875,
        "mlp.down_proj.weight": 0.63671875
    },
    "16": {
        "self_attn.q_proj.weight": 0.55078125,
        "self_attn.k_proj.weight": 1.08984375,
        "self_attn.v_proj.weight": 0.837890625,
        "self_attn.o_proj.weight": 0.73583984375,
        "mlp.gate_proj.weight": 0.8310546875,
        "mlp.up_proj.weight": 0.77197265625,
        "mlp.down_proj.weight": 1.15234375
    },
    "17": {
        "self_attn.q_proj.weight": 0.6494140625,
        "self_attn.k_proj.weight": 0.72314453125,
        "self_attn.v_proj.weight": 0.83203125,
        "self_attn.o_proj.weight": 0.52587890625,
        "mlp.gate_proj.weight": 0.88623046875,
        "mlp.up_proj.weight": 0.7216796875,
        "mlp.down_proj.weight": 0.8701171875
    },
    "18": {
        "self_attn.q_proj.weight": 0.513671875,
        "self_attn.k_proj.weight": 0.90673828125,
        "self_attn.v_proj.weight": 0.7099609375,
        "self_attn.o_proj.weight": 0.748046875,
        "mlp.gate_proj.weight": 0.89501953125,
        "mlp.up_proj.weight": 0.6962890625,
        "mlp.down_proj.weight": 0.73583984375
    },
    "19": {
        "self_attn.q_proj.weight": 0.92724609375,
        "self_attn.k_proj.weight": 0.9091796875,
        "self_attn.v_proj.weight": 0.84912109375,
        "self_attn.o_proj.weight": 0.51513671875,
        "mlp.gate_proj.weight": 0.845703125,
        "mlp.up_proj.weight": 1.103515625,
        "mlp.down_proj.weight": 0.84716796875
    },
    "20": {
        "self_attn.q_proj.weight": 1.2978515625,
        "self_attn.k_proj.weight": 1.7490234375,
        "self_attn.v_proj.weight": 0.8046875,
        "self_attn.o_proj.weight": 0.68359375,
        "mlp.gate_proj.weight": 0.74609375,
        "mlp.up_proj.weight": 0.708984375,
        "mlp.down_proj.weight": 0.640625
    },
    "21": {
        "self_attn.q_proj.weight": 0.82861328125,
        "self_attn.k_proj.weight": 1.134765625,
        "self_attn.v_proj.weight": 1.05859375,
        "self_attn.o_proj.weight": 0.791015625,
        "mlp.gate_proj.weight": 0.89599609375,
        "mlp.up_proj.weight": 0.83935546875,
        "mlp.down_proj.weight": 0.693359375
    },
    "22": {
        "self_attn.q_proj.weight": 0.9248046875,
        "self_attn.k_proj.weight": 0.7177734375,
        "self_attn.v_proj.weight": 0.66162109375,
        "self_attn.o_proj.weight": 0.7353515625,
        "mlp.gate_proj.weight": 0.93994140625,
        "mlp.up_proj.weight": 0.89013671875,
        "mlp.down_proj.weight": 0.671875
    },