{
    "0": {
        "0": {
            "self_attn.q_proj": 2.74609375,
            "self_attn.k_proj": 2.74609375,
            "self_attn.v_proj": 2.74609375,
            "self_attn.o_proj": 2.7578125,
            "mlp.gate_proj": 2.7578125,
            "mlp.up_proj": 2.7578125,
            "mlp.down_proj": 2.7421875
        },
        "1": {
            "self_attn.q_proj": 2.73828125,
            "self_attn.k_proj": 2.73828125,
            "self_attn.v_proj": 2.73828125,
            "self_attn.o_proj": 2.734375,
            "mlp.gate_proj": 2.734375,
            "mlp.up_proj": 2.734375,
            "mlp.down_proj": 2.73046875
        },
        "2": {
            "self_attn.q_proj": 2.73828125,
            "self_attn.k_proj": 2.73828125,
            "self_attn.v_proj": 2.73828125,
            "self_attn.o_proj": 2.74609375,
            "mlp.gate_proj": 2.74609375,
            "mlp.up_proj": 2.74609375,
            "mlp.down_proj": 2.74609375
        },
        "3": {
            "self_attn.q_proj": 2.76953125,
            "self_attn.k_proj": 2.76953125,
            "self_attn.v_proj": 2.76953125,
            "self_attn.o_proj": 2.7421875,
            "mlp.gate_proj": 2.7421875,
            "mlp.up_proj": 2.7421875,
            "mlp.down_proj": 2.74609375
        },
        "4": {
            "self_attn.q_proj": 2.73828125,
            "self_attn.k_proj": 2.73828125,
            "self_attn.v_proj": 2.73828125,
            "self_attn.o_proj": 2.7421875,
            "mlp.gate_proj": 2.7421875,
            "mlp.up_proj": 2.7421875,
            "mlp.down_proj": 2.744140625
        },
        "5": {
            "self_attn.q_proj": 2.7734375,
            "self_attn.k_proj": 2.7734375,
            "self_attn.v_proj": 2.7734375,
            "self_attn.o_proj": 2.755859375,
            "mlp.gate_proj": 2.755859375,
            "mlp.up_proj": 2.755859375,
            "mlp.down_proj": 2.74609375
        },
        "6": {
            "self_attn.q_proj": 2.7578125,
            "self_attn.k_proj": 2.7578125,
            "self_attn.v_proj": 2.7578125,
            "self_attn.o_proj": 2.765625,
            "mlp.gate_proj": 2.765625,
            "mlp.up_proj": 2.765625,
            "mlp.down_proj": 2.73828125
        },
        "7": {
            "self_attn.q_proj": 2.783203125,
            "self_attn.k_proj": 2.783203125,
            "self_attn.v_proj": 2.783203125,
            "self_attn.o_proj": 2.765625,
            "mlp.gate_proj": 2.765625,
            "mlp.up_proj": 2.765625,
            "mlp.down_proj": 2.75390625
        },
        "8": {
            "self_attn.q_proj": 2.7578125,
            "self_attn.k_proj": 2.7578125,
            "self_attn.v_proj": 2.7578125,
            "self_attn.o_proj": 2.7421875,
            "mlp.gate_proj": 2.7421875,
            "mlp.up_proj": 2.7421875,
            "mlp.down_proj": 2.76171875
        },
        "9": {
            "self_attn.q_proj": 2.765625,
            "self_attn.k_proj": 2.765625,
            "self_attn.v_proj": 2.765625,
            "self_attn.o_proj": 2.75390625,
            "mlp.gate_proj": 2.75390625,
            "mlp.up_proj": 2.75390625,
            "mlp.down_proj": 2.751953125
        },
        "10": {
            "self_attn.q_proj": 2.767578125,
            "self_attn.k_proj": 2.767578125,
            "self_attn.v_proj": 2.767578125,
            "self_attn.o_proj": 2.740234375,
            "mlp.gate_proj": 2.740234375,
            "mlp.up_proj": 2.740234375,
            "mlp.down_proj": 2.74609375
        },
        "11": {
            "self_attn.q_proj": 2.7421875,
            "self_attn.k_proj": 2.7421875,
            "self_attn.v_proj": 2.7421875,
            "self_attn.o_proj": 2.74609375,
            "mlp.gate_proj": 2.74609375,
            "mlp.up_proj": 2.74609375,
            "mlp.down_proj": 2.73828125
        },
        "12": {
            "self_attn.q_proj": 2.75,
            "self_attn.k_proj": 2.75,
            "self_attn.v_proj": 2.75,
            "self_attn.o_proj": 2.7578125,
            "mlp.gate_proj": 2.7578125,
            "mlp.up_proj": 2.7578125,
            "mlp.down_proj": 2.736328125
        },
        "13": {
            "self_attn.q_proj": 2.74609375,
            "self_attn.k_proj": 2.74609375,
            "self_attn.v_proj": 2.74609375,
            "self_attn.o_proj": 2.75390625,
            "mlp.gate_proj": 2.75390625,
            "mlp.up_proj": 2.75390625,
            "mlp.down_proj": 2.75
        },
        "14": {
            "self_attn.q_proj": 2.74609375,
            "self_attn.k_proj": 2.74609375,
            "self_attn.v_proj": 2.74609375,
            "self_attn.o_proj": 2.751953125,
            "mlp.gate_proj": 2.751953125,
            "mlp.up_proj": 2.751953125,
            "mlp.down_proj": 2.748046875
        },
        "15": {
            "self_attn.q_proj": 2.724609375,
            "self_attn.k_proj": 2.724609375,
            "self_attn.v_proj": 2.724609375,
            "self_attn.o_proj": 2.7578125,
            "mlp.gate_proj": 2.7578125,
            "mlp.up_proj": 2.7578125,
            "mlp.down_proj": 2.744140625
        },
        "16": {
            "self_attn.q_proj": 2.734375,
            "self_attn.k_proj": 2.734375,
            "self_attn.v_proj": 2.734375,
            "self_attn.o_proj": 2.76953125,
            "mlp.gate_proj": 2.76953125,
            "mlp.up_proj": 2.76953125,
            "mlp.down_proj": 2.755859375
        },
        "17": {
            "self_attn.q_proj": 2.74609375,
            "self_attn.k_proj": 2.74609375,
            "self_attn.v_proj": 2.74609375,
            "self_attn.o_proj": 2.75,
            "mlp.gate_proj": 2.75,
            "mlp.up_proj": 2.75,
            "mlp.down_proj": 2.75
        },
        "18": {
            "self_attn.q_proj": 2.7578125,
            "self_attn.k_proj": 2.7578125,
            "self_attn.v_proj": 2.7578125,
            "self_attn.o_proj": 2.75390625,
            "mlp.gate_proj": 2.75390625,
            "mlp.up_proj": 2.75390625,
            "mlp.down_proj": 2.744140625
        },
        "19": {
            "self_attn.q_proj": 2.75,
            "self_attn.k_proj": 2.75,
            "self_attn.v_proj": 2.75,
            "self_attn.o_proj": 2.75,
            "mlp.gate_proj": 2.75,
            "mlp.up_proj": 2.75,
            "mlp.down_proj": 2.7421875
        },
        "20": {
            "self_attn.q_proj": 2.7578125,
            "self_attn.k_proj": 2.7578125,
            "self_attn.v_proj": 2.7578125,
            "self_attn.o_proj": 2.73828125,
            "mlp.gate_proj": 2.73828125,
            "mlp.up_proj": 2.73828125,
            "mlp.down_proj": 2.74609375
        },
        "21": {
            "self_attn.q_proj": 2.748046875,
            "self_attn.k_proj": 2.748046875,
            "self_attn.v_proj": 2.748046875,
            "self_attn.o_proj": 2.75,
            "mlp.gate_proj": 2.75,
            "mlp.up_proj": 2.75,
            "mlp.down_proj": 2.74609375
        },
        "22": {
            "self_attn.q_proj": 2.740234375,
            "self_attn.k_proj": 2.740234375,
            "self_attn.v_proj": 2.740234375,
            "self_attn.o_proj": 2.75,
            "mlp.gate_proj": 2.75,
            "mlp.up_proj": 2.75,
            "mlp.down_proj": 2.7421875
        },
        "23": {
            "self_attn.q_proj": 2.73828125,
            "self_attn.k_proj": 2.73828125,
            "self_attn.v_proj": 2.73828125,
            "self_attn.o_proj": 2.75,
            "mlp.gate_proj": 2.75,
            "mlp.up_proj": 2.75,
            "mlp.down_proj": 2.7421875
        },
        "24": {
            "self_attn.q_proj": 2.75,
            "self_attn.k_proj": 2.75,
            "self_attn.v_proj": 2.75,
            "self_attn.o_proj": 2.75,
            "mlp.gate_proj": 2.75,
            "mlp.up_proj": 2.75,
            "mlp.down_proj": 2.744140625
        },
        "25": {
            "self_attn.q_proj": 2.7421875,
            "self_attn.k_proj": 2.7421875,