{
    "0": {
        "self_attn.q_proj.weight": 2.60546875,
        "self_attn.k_proj.weight": 2.60546875,
        "self_attn.v_proj.weight": 2.607421875,
        "self_attn.o_proj.weight": 2.60546875,
        "mlp.gate_proj.weight": 2.60546875,
        "mlp.up_proj.weight": 2.60546875,
        "mlp.down_proj.weight": 2.607421875
    },
    "1": {
        "self_attn.q_proj.weight": 2.60546875,
        "self_attn.k_proj.weight": 2.60546875,
        "self_attn.v_proj.weight": 2.60546875,
        "self_attn.o_proj.weight": 2.60546875,
        "mlp.gate_proj.weight": 2.60546875,
        "mlp.up_proj.weight": 2.603515625,
        "mlp.down_proj.weight": 2.615234375
    },
    "2": {
        "self_attn.q_proj.weight": 2.607421875,
        "self_attn.k_proj.weight": 2.60546875,
        "self_attn.v_proj.weight": 2.60546875,
        "self_attn.o_proj.weight": 2.611328125,
        "mlp.gate_proj.weight": 2.60546875,
        "mlp.up_proj.weight": 2.609375,
        "mlp.down_proj.weight": 2.609375
    },
    "3": {
        "self_attn.q_proj.weight": 2.609375,
        "self_attn.k_proj.weight": 2.607421875,
        "self_attn.v_proj.weight": 2.61328125,
        "self_attn.o_proj.weight": 2.609375,
        "mlp.gate_proj.weight": 2.609375,
        "mlp.up_proj.weight": 2.60546875,
        "mlp.down_proj.weight": 2.61328125
    },
    "4": {
        "self_attn.q_proj.weight": 2.60546875,
        "self_attn.k_proj.weight": 2.60546875,
        "self_attn.v_proj.weight": 2.61328125,
        "self_attn.o_proj.weight": 2.60546875,
        "mlp.gate_proj.weight": 2.609375,
        "mlp.up_proj.weight": 2.61328125,
        "mlp.down_proj.weight": 2.60546875
    },
    "5": {
        "self_attn.q_proj.weight": 2.609375,
        "self_attn.k_proj.weight": 2.615234375,
        "self_attn.v_proj.weight": 2.607421875,
        "self_attn.o_proj.weight": 2.61328125,
        "mlp.gate_proj.weight": 2.60546875,
        "mlp.up_proj.weight": 2.607421875,
        "mlp.down_proj.weight": 2.61328125
    },
    "6": {
        "self_attn.q_proj.weight": 2.607421875,
        "self_attn.k_proj.weight": 2.61328125,
        "self_attn.v_proj.weight": 2.609375,
        "self_attn.o_proj.weight": 2.61328125,
        "mlp.gate_proj.weight": 2.60546875,
        "mlp.up_proj.weight": 2.615234375,
        "mlp.down_proj.weight": 2.607421875
    },
    "7": {
        "self_attn.q_proj.weight": 2.61328125,
        "self_attn.k_proj.weight": 2.6171875,
        "self_attn.v_proj.weight": 2.611328125,
        "self_attn.o_proj.weight": 2.609375,
        "mlp.gate_proj.weight": 2.611328125,
        "mlp.up_proj.weight": 2.611328125,
        "mlp.down_proj.weight": 2.619140625
    },
    "8": {
        "self_attn.q_proj.weight": 2.60546875,
        "self_attn.k_proj.weight": 2.61328125,
        "self_attn.v_proj.weight": 2.61328125,
        "self_attn.o_proj.weight": 2.60546875,
        "mlp.gate_proj.weight": 2.60546875,
        "mlp.up_proj.weight": 2.609375,
        "mlp.down_proj.weight": 2.61328125
    },
    "9": {
        "self_attn.q_proj.weight": 2.60546875,
        "self_attn.k_proj.weight": 2.607421875,
        "self_attn.v_proj.weight": 2.611328125,
        "self_attn.o_proj.weight": 2.609375,
        "mlp.gate_proj.weight": 2.609375,
        "mlp.up_proj.weight": 2.60546875,
        "mlp.down_proj.weight": 2.609375
    },
    "10": {
        "self_attn.q_proj.weight": 2.61328125,
        "self_attn.k_proj.weight": 2.611328125,
        "self_attn.v_proj.weight": 2.609375,
        "self_attn.o_proj.weight": 2.609375,
        "mlp.gate_proj.weight": 2.60546875,
        "mlp.up_proj.weight": 2.60546875,
        "mlp.down_proj.weight": 2.60546875
    },
    "11": {
        "self_attn.q_proj.weight": 2.60546875,
        "self_attn.k_proj.weight": 2.6015625,
        "self_attn.v_proj.weight": 2.607421875,
        "self_attn.o_proj.weight": 2.60546875,
        "mlp.gate_proj.weight": 2.60546875,
        "mlp.up_proj.weight": 2.607421875,
        "mlp.down_proj.weight": 2.60546875
    },
    "12": {
        "self_attn.q_proj.weight": 2.607421875,
        "self_attn.k_proj.weight": 2.60546875,
        "self_attn.v_proj.weight": 2.599609375,
        "self_attn.o_proj.weight": 2.609375,
        "mlp.gate_proj.weight": 2.60546875,
        "mlp.up_proj.weight": 2.60546875,
        "mlp.down_proj.weight": 2.60546875
    },
    "13": {
        "self_attn.q_proj.weight": 2.611328125,
        "self_attn.k_proj.weight": 2.609375,
        "self_attn.v_proj.weight": 2.603515625,
        "self_attn.o_proj.weight": 2.609375,
        "mlp.gate_proj.weight": 2.603515625,
        "mlp.up_proj.weight": 2.609375,
        "mlp.down_proj.weight": 2.60546875
    },
    "14": {
        "self_attn.q_proj.weight": 2.60546875,
        "self_attn.k_proj.weight": 2.615234375,
        "self_attn.v_proj.weight": 2.6015625,
        "self_attn.o_proj.weight": 2.609375,
        "mlp.gate_proj.weight": 2.60546875,
        "mlp.up_proj.weight": 2.611328125,
        "mlp.down_proj.weight": 2.607421875
    },
    "15": {
        "self_attn.q_proj.weight": 2.591796875,
        "self_attn.k_proj.weight": 2.59375,
        "self_attn.v_proj.weight": 2.609375,
        "self_attn.o_proj.weight": 2.607421875,
        "mlp.gate_proj.weight": 2.60546875,
        "mlp.up_proj.weight": 2.609375,
        "mlp.down_proj.weight": 2.607421875
    },
    "16": {
        "self_attn.q_proj.weight": 2.60546875,
        "self_attn.k_proj.weight": 2.599609375,
        "self_attn.v_proj.weight": 2.607421875,
        "self_attn.o_proj.weight": 2.611328125,
        "mlp.gate_proj.weight": 2.607421875,
        "mlp.up_proj.weight": 2.611328125,
        "mlp.down_proj.weight": 2.61328125
    },
    "17": {
        "self_attn.q_proj.weight": 2.60546875,
        "self_attn.k_proj.weight": 2.60546875,
        "self_attn.v_proj.weight": 2.609375,
        "self_attn.o_proj.weight": 2.60546875,
        "mlp.gate_proj.weight": 2.607421875,
        "mlp.up_proj.weight": 2.609375,
        "mlp.down_proj.weight": 2.61328125
    },
    "18": {
        "self_attn.q_proj.weight": 2.609375,
        "self_attn.k_proj.weight": 2.6171875,
        "self_attn.v_proj.weight": 2.599609375,
        "self_attn.o_proj.weight": 2.609375,
        "mlp.gate_proj.weight": 2.60546875,
        "mlp.up_proj.weight": 2.60546875,
        "mlp.down_proj.weight": 2.609375
    },
    "19": {
        "self_attn.q_proj.weight": 2.607421875,
        "self_attn.k_proj.weight": 2.609375,
        "self_attn.v_proj.weight": 2.607421875,
        "self_attn.o_proj.weight": 2.607421875,
        "mlp.gate_proj.weight": 2.611328125,
        "mlp.up_proj.weight": 2.607421875,
        "mlp.down_proj.weight": 2.607421875
    },
    "20": {
        "self_attn.q_proj.weight": 2.60546875,
        "self_attn.k_proj.weight": 2.607421875,
        "self_attn.v_proj.weight": 2.607421875,
        "self_attn.o_proj.weight": 2.60546875,
        "mlp.gate_proj.weight": 2.607421875,
        "mlp.up_proj.weight": 2.607421875,
        "mlp.down_proj.weight": 2.607421875
    },
    "21": {
        "self_attn.q_proj.weight": 2.607421875,
        "self_attn.k_proj.weight": 2.60546875,
        "self_attn.v_proj.weight": 2.609375,
        "self_attn.o_proj.weight": 2.60546875,
        "mlp.gate_proj.weight": 2.607421875,
        "mlp.up_proj.weight": 2.609375,
        "mlp.down_proj.weight": 2.60546875
    },
    "22": {
        "self_attn.q_proj.weight": 2.60546875,
        "self_attn.k_proj.weight": 2.60546875,
        "self_attn.v_proj.weight": 2.60546875,
        "self_attn.o_proj.weight": 2.607421875,
        "mlp.gate_proj.weight": 2.607421875,
        "mlp.up_proj.weight": 2.60546875,
        "mlp.down_proj.weight": 2.607421875
    },
    "23": {
        "self_attn.q_proj.weight": 2.60546875,
        "self_attn.k_proj.weight": 2.60546875,
        "self_attn.v_proj.weight": 2.60546875,
        "self_attn.o_proj.weight": 2.607421875,
        "mlp.gate_proj.weight": 2.607421875,
        "mlp.up_proj.weight": 2.609375,