{
    "4": {
        "0": {
            "self_attn.q_proj": 0.004497528076171875,
            "self_attn.k_proj": 0.016143798828125,
            "self_attn.v_proj": 0.60302734375,
            "self_attn.o_proj": 0.04034423828125,
            "mlp.gate_proj": 0.0035419464111328125,
            "mlp.up_proj": 0.00653076171875,
            "mlp.down_proj": 0.023651123046875
        },
        "1": {
            "self_attn.q_proj": 0.002521514892578125,
            "self_attn.k_proj": 0.00201416015625,
            "self_attn.v_proj": 3.060546875,
            "self_attn.o_proj": 0.0247039794921875,
            "mlp.gate_proj": 0.0034580230712890625,
            "mlp.up_proj": 0.00814056396484375,
            "mlp.down_proj": 0.0322265625
        },
        "2": {
            "self_attn.q_proj": 0.0014371871948242188,
            "self_attn.k_proj": 0.0005602836608886719,
            "self_attn.v_proj": 1.9384765625,
            "self_attn.o_proj": 0.037506103515625,
            "mlp.gate_proj": 0.0034027099609375,
            "mlp.up_proj": 0.00689697265625,
            "mlp.down_proj": 2.544921875
        },
        "3": {
            "self_attn.q_proj": 0.017242431640625,
            "self_attn.k_proj": 0.0096893310546875,
            "self_attn.v_proj": 0.220703125,
            "self_attn.o_proj": 0.031463623046875,
            "mlp.gate_proj": 0.003452301025390625,
            "mlp.up_proj": 0.0229949951171875,
            "mlp.down_proj": 0.0206298828125
        },
        "4": {
            "self_attn.q_proj": 0.007476806640625,
            "self_attn.k_proj": 0.00634002685546875,
            "self_attn.v_proj": 0.1710205078125,
            "self_attn.o_proj": 0.0226593017578125,
            "mlp.gate_proj": 0.004421234130859375,
            "mlp.up_proj": 0.00930023193359375,
            "mlp.down_proj": 0.0122833251953125
        },
        "5": {
            "self_attn.q_proj": 0.006072998046875,
            "self_attn.k_proj": 0.00438690185546875,
            "self_attn.v_proj": 0.10601806640625,
            "self_attn.o_proj": 0.01514434814453125,
            "mlp.gate_proj": 0.00768280029296875,
            "mlp.up_proj": 0.018341064453125,
            "mlp.down_proj": 0.0135498046875
        },
        "6": {
            "self_attn.q_proj": 0.00601959228515625,
            "self_attn.k_proj": 0.004261016845703125,
            "self_attn.v_proj": 0.1646728515625,
            "self_attn.o_proj": 0.0231170654296875,
            "mlp.gate_proj": 0.0076446533203125,
            "mlp.up_proj": 0.01549530029296875,
            "mlp.down_proj": 0.2479248046875
        },
        "7": {
            "self_attn.q_proj": 0.0049896240234375,
            "self_attn.k_proj": 0.004413604736328125,
            "self_attn.v_proj": 0.10382080078125,
            "self_attn.o_proj": 0.023193359375,
            "mlp.gate_proj": 0.0081329345703125,
            "mlp.up_proj": 0.01494598388671875,
            "mlp.down_proj": 0.007663726806640625
        },
        "8": {
            "self_attn.q_proj": 0.003452301025390625,
            "self_attn.k_proj": 0.004093170166015625,
            "self_attn.v_proj": 0.059814453125,
            "self_attn.o_proj": 0.009124755859375,
            "mlp.gate_proj": 0.0027561187744140625,
            "mlp.up_proj": 0.005809783935546875,
            "mlp.down_proj": 0.00479888916015625
        },
        "9": {
            "self_attn.q_proj": 0.00330352783203125,
            "self_attn.k_proj": 0.002674102783203125,
            "self_attn.v_proj": 0.056304931640625,
            "self_attn.o_proj": 0.005435943603515625,
            "mlp.gate_proj": 0.0023193359375,
            "mlp.up_proj": 0.00542449951171875,
            "mlp.down_proj": 0.003265380859375
        },
        "10": {
            "self_attn.q_proj": 0.004444122314453125,
            "self_attn.k_proj": 0.004222869873046875,
            "self_attn.v_proj": 0.06591796875,
            "self_attn.o_proj": 0.006816864013671875,
            "mlp.gate_proj": 0.0034008026123046875,
            "mlp.up_proj": 0.00785064697265625,
            "mlp.down_proj": 0.0026683807373046875
        },
        "11": {
            "self_attn.q_proj": 0.00394439697265625,
            "self_attn.k_proj": 0.003429412841796875,
            "self_attn.v_proj": 0.04693603515625,
            "self_attn.o_proj": 0.0036449432373046875,
            "mlp.gate_proj": 0.00354766845703125,
            "mlp.up_proj": 0.006832122802734375,
            "mlp.down_proj": 0.0034236907958984375
        },
        "12": {
            "self_attn.q_proj": 0.002964019775390625,
            "self_attn.k_proj": 0.0027980804443359375,
            "self_attn.v_proj": 0.04742431640625,
            "self_attn.o_proj": 0.007678985595703125,
            "mlp.gate_proj": 0.002536773681640625,
            "mlp.up_proj": 0.004085540771484375,
            "mlp.down_proj": 0.00507354736328125
        },
        "13": {
            "self_attn.q_proj": 0.001880645751953125,
            "self_attn.k_proj": 0.0016279220581054688,
            "self_attn.v_proj": 0.036468505859375,
            "self_attn.o_proj": 0.006992340087890625,
            "mlp.gate_proj": 0.0013456344604492188,
            "mlp.up_proj": 0.004871368408203125,
            "mlp.down_proj": 0.004573822021484375
        },
        "14": {
            "self_attn.q_proj": 0.0021533966064453125,
            "self_attn.k_proj": 0.0017986297607421875,
            "self_attn.v_proj": 0.026214599609375,
            "self_attn.o_proj": 0.004833221435546875,
            "mlp.gate_proj": 0.002109527587890625,
            "mlp.up_proj": 0.006072998046875,
            "mlp.down_proj": 0.004024505615234375
        },
        "15": {
            "self_attn.q_proj": 0.0017385482788085938,
            "self_attn.k_proj": 0.0014677047729492188,
            "self_attn.v_proj": 0.0151824951171875,
            "self_attn.o_proj": 0.0023136138916015625,
            "mlp.gate_proj": 0.0017118453979492188,
            "mlp.up_proj": 0.0028076171875,
            "mlp.down_proj": 0.00665283203125
        },
        "16": {
            "self_attn.q_proj": 0.0012531280517578125,
            "self_attn.k_proj": 0.0012035369873046875,
            "self_attn.v_proj": 0.0134124755859375,
            "self_attn.o_proj": 0.0010213851928710938,
            "mlp.gate_proj": 0.0011310577392578125,
            "mlp.up_proj": 0.0033168792724609375,
            "mlp.down_proj": 0.005523681640625
        },
        "17": {
            "self_attn.q_proj": 0.0014362335205078125,
            "self_attn.k_proj": 0.0013113021850585938,
            "self_attn.v_proj": 0.0138397216796875,
            "self_attn.o_proj": 0.000995635986328125,
            "mlp.gate_proj": 0.0028228759765625,
            "mlp.up_proj": 0.0018138885498046875,
            "mlp.down_proj": 0.00196075439453125
        },
        "18": {
            "self_attn.q_proj": 0.0039825439453125,
            "self_attn.k_proj": 0.0036773681640625,
            "self_attn.v_proj": 0.0088958740234375,
            "self_attn.o_proj": 0.001186370849609375,
            "mlp.gate_proj": 0.0007600784301757812,
            "mlp.up_proj": 0.0016984939575195312,
            "mlp.down_proj": 0.0032482147216796875
        },
        "19": {
            "self_attn.q_proj": 0.0010013580322265625,
            "self_attn.k_proj": 0.0006680488586425781,
            "self_attn.v_proj": 0.0082855224609375,
            "self_attn.o_proj": 0.0004520416259765625,
            "mlp.gate_proj": 0.000705718994140625,
            "mlp.up_proj": 0.0016164779663085938,
            "mlp.down_proj": 0.004016876220703125
        },
        "20": {
            "self_attn.q_proj": 0.0006389617919921875,
            "self_attn.k_proj": 0.0006160736083984375,
            "self_attn.v_proj": 0.007404327392578125,
            "self_attn.o_proj": 0.00021219253540039062,
            "mlp.gate_proj": 0.0007963180541992188,
            "mlp.up_proj": 0.002567291259765625,