{
    "0": {
        "0": {
            "self_attn.q_proj": 0.7373046875,
            "self_attn.k_proj": 5.62109375,
            "self_attn.v_proj": 1.3447265625,
            "self_attn.o_proj": 1.1328125,
            "mlp.gate_proj": 1.140625,
            "mlp.up_proj": 1.4013671875,
            "mlp.down_proj": 1.2177734375
        },
        "1": {
            "self_attn.q_proj": 0.60986328125,
            "self_attn.k_proj": 0.83740234375,
            "self_attn.v_proj": 1.1796875,
            "self_attn.o_proj": 1.0458984375,
            "mlp.gate_proj": 1.025390625,
            "mlp.up_proj": 1.1318359375,
            "mlp.down_proj": 0.391845703125
        },
        "2": {
            "self_attn.q_proj": 1.4609375,
            "self_attn.k_proj": 1.431640625,
            "self_attn.v_proj": 1.083984375,
            "self_attn.o_proj": 0.91064453125,
            "mlp.gate_proj": 1.2412109375,
            "mlp.up_proj": 1.1591796875,
            "mlp.down_proj": 0.87451171875
        },
        "3": {
            "self_attn.q_proj": 2.0703125,
            "self_attn.k_proj": 2.05078125,
            "self_attn.v_proj": 1.0869140625,
            "self_attn.o_proj": 0.962890625,
            "mlp.gate_proj": 0.93359375,
            "mlp.up_proj": 0.93994140625,
            "mlp.down_proj": 1.1640625
        },
        "4": {
            "self_attn.q_proj": 1.2626953125,
            "self_attn.k_proj": 1.259765625,
            "self_attn.v_proj": 0.85302734375,
            "self_attn.o_proj": 0.794921875,
            "mlp.gate_proj": 0.9404296875,
            "mlp.up_proj": 0.94140625,
            "mlp.down_proj": 0.974609375
        },
        "5": {
            "self_attn.q_proj": 1.5361328125,
            "self_attn.k_proj": 1.576171875,
            "self_attn.v_proj": 1.048828125,
            "self_attn.o_proj": 1.205078125,
            "mlp.gate_proj": 1.5380859375,
            "mlp.up_proj": 1.39453125,
            "mlp.down_proj": 1.0322265625
        },
        "6": {
            "self_attn.q_proj": 0.8828125,
            "self_attn.k_proj": 0.81494140625,
            "self_attn.v_proj": 0.88232421875,
            "self_attn.o_proj": 0.857421875,
            "mlp.gate_proj": 0.98291015625,
            "mlp.up_proj": 0.9140625,
            "mlp.down_proj": 0.828125
        },
        "7": {
            "self_attn.q_proj": 1.72265625,
            "self_attn.k_proj": 1.7236328125,
            "self_attn.v_proj": 0.908203125,
            "self_attn.o_proj": 0.869140625,
            "mlp.gate_proj": 0.9599609375,
            "mlp.up_proj": 0.90869140625,
            "mlp.down_proj": 0.84228515625
        },
        "8": {
            "self_attn.q_proj": 1.19140625,
            "self_attn.k_proj": 1.119140625,
            "self_attn.v_proj": 0.69970703125,
            "self_attn.o_proj": 0.9228515625,
            "mlp.gate_proj": 0.90771484375,
            "mlp.up_proj": 0.9013671875,
            "mlp.down_proj": 0.88330078125
        },
        "9": {
            "self_attn.q_proj": 1.0712890625,
            "self_attn.k_proj": 1.0947265625,
            "self_attn.v_proj": 0.82763671875,
            "self_attn.o_proj": 0.9716796875,
            "mlp.gate_proj": 0.947265625,
            "mlp.up_proj": 0.919921875,
            "mlp.down_proj": 0.94775390625
        },
        "10": {
            "self_attn.q_proj": 1.2783203125,
            "self_attn.k_proj": 1.35546875,
            "self_attn.v_proj": 1.017578125,
            "self_attn.o_proj": 0.939453125,
            "mlp.gate_proj": 0.958984375,
            "mlp.up_proj": 0.96240234375,
            "mlp.down_proj": 0.91796875
        },
        "11": {
            "self_attn.q_proj": 0.95703125,
            "self_attn.k_proj": 0.7958984375,
            "self_attn.v_proj": 0.88037109375,
            "self_attn.o_proj": 0.984375,
            "mlp.gate_proj": 1.1337890625,
            "mlp.up_proj": 1.0693359375,
            "mlp.down_proj": 1.033203125
        },
        "12": {
            "self_attn.q_proj": 1.197265625,
            "self_attn.k_proj": 1.076171875,
            "self_attn.v_proj": 1.0361328125,
            "self_attn.o_proj": 1.1015625,
            "mlp.gate_proj": 1.0869140625,
            "mlp.up_proj": 1.0966796875,
            "mlp.down_proj": 1.0205078125
        },
        "13": {
            "self_attn.q_proj": 1.412109375,
            "self_attn.k_proj": 1.3505859375,
            "self_attn.v_proj": 1.025390625,
            "self_attn.o_proj": 1.0595703125,
            "mlp.gate_proj": 1.072265625,
            "mlp.up_proj": 1.0751953125,
            "mlp.down_proj": 1.06640625
        },
        "14": {
            "self_attn.q_proj": 1.384765625,
            "self_attn.k_proj": 1.13671875,
            "self_attn.v_proj": 1.1025390625,
            "self_attn.o_proj": 0.99169921875,
            "mlp.gate_proj": 1.15625,
            "mlp.up_proj": 1.1259765625,
            "mlp.down_proj": 1.0634765625
        },
        "15": {
            "self_attn.q_proj": 1.0869140625,
            "self_attn.k_proj": 1.044921875,
            "self_attn.v_proj": 0.9384765625,
            "self_attn.o_proj": 1.0732421875,
            "mlp.gate_proj": 1.162109375,
            "mlp.up_proj": 1.185546875,
            "mlp.down_proj": 1.05859375
        },
        "16": {
            "self_attn.q_proj": 1.29296875,
            "self_attn.k_proj": 1.2861328125,
            "self_attn.v_proj": 1.0947265625,
            "self_attn.o_proj": 1.150390625,
            "mlp.gate_proj": 1.1435546875,
            "mlp.up_proj": 1.2099609375,
            "mlp.down_proj": 1.1611328125
        },
        "17": {
            "self_attn.q_proj": 0.98876953125,
            "self_attn.k_proj": 0.91748046875,
            "self_attn.v_proj": 1.013671875,
            "self_attn.o_proj": 0.96240234375,
            "mlp.gate_proj": 1.1142578125,
            "mlp.up_proj": 1.111328125,
            "mlp.down_proj": 1.125
        },
        "18": {
            "self_attn.q_proj": 1.21484375,
            "self_attn.k_proj": 1.0966796875,
            "self_attn.v_proj": 1.126953125,
            "self_attn.o_proj": 1.0439453125,
            "mlp.gate_proj": 1.162109375,
            "mlp.up_proj": 1.1416015625,
            "mlp.down_proj": 1.1474609375
        },
        "19": {
            "self_attn.q_proj": 1.16015625,
            "self_attn.k_proj": 1.087890625,
            "self_attn.v_proj": 1.119140625,
            "self_attn.o_proj": 1.3681640625,
            "mlp.gate_proj": 1.2333984375,
            "mlp.up_proj": 0.8642578125,
            "mlp.down_proj": 1.2841796875
        },
        "20": {
            "self_attn.q_proj": 1.771484375,
            "self_attn.k_proj": 1.83984375,
            "self_attn.v_proj": 1.3076171875,
            "self_attn.o_proj": 1.232421875,
            "mlp.gate_proj": 1.3017578125,
            "mlp.up_proj": 1.275390625,
            "mlp.down_proj": 1.1396484375
        },
        "21": {
            "self_attn.q_proj": 1.8603515625,
            "self_attn.k_proj": 1.7890625,
            "self_attn.v_proj": 1.3154296875,
            "self_attn.o_proj": 1.4716796875,
            "mlp.gate_proj": 1.3515625,
            "mlp.up_proj": 1.2080078125,
            "mlp.down_proj": 1.2236328125
        },
        "22": {
            "self_attn.q_proj": 1.2900390625,
            "self_attn.k_proj": 1.224609375,
            "self_attn.v_proj": 1.2421875,
            "self_attn.o_proj": 1.220703125,
            "mlp.gate_proj": 1.576171875,
            "mlp.up_proj": 1.373046875,
            "mlp.down_proj": 1.197265625
        },
        "23": {
            "self_attn.q_proj": 1.0439453125,
            "self_attn.k_proj": 0.966796875,
            "self_attn.v_proj": 1.15625,
            "self_attn.o_proj": 1.142578125,
            "mlp.gate_proj": 1.501953125,
            "mlp.up_proj": 1.1748046875,
            "mlp.down_proj": 1.3330078125
        },