{
    "0": {
        "self_attn.q_proj.weight": 1.107421875,
        "self_attn.k_proj.weight": 2.7890625,
        "self_attn.v_proj.weight": 1.5439453125,
        "self_attn.o_proj.weight": 1.0810546875,
        "mlp.gate_proj.weight": 1.0849609375,
        "mlp.up_proj.weight": 1.3076171875,
        "mlp.down_proj.weight": 1.087890625
    },
    "1": {
        "self_attn.q_proj.weight": 1.423828125,
        "self_attn.k_proj.weight": 1.8779296875,
        "self_attn.v_proj.weight": 1.3935546875,
        "self_attn.o_proj.weight": 1.0166015625,
        "mlp.gate_proj.weight": 0.9228515625,
        "mlp.up_proj.weight": 1.0537109375,
        "mlp.down_proj.weight": 0.216796875
    },
    "2": {
        "self_attn.q_proj.weight": 1.3818359375,
        "self_attn.k_proj.weight": 1.236328125,
        "self_attn.v_proj.weight": 1.0927734375,
        "self_attn.o_proj.weight": 1.0029296875,
        "mlp.gate_proj.weight": 1.3486328125,
        "mlp.up_proj.weight": 1.46875,
        "mlp.down_proj.weight": 1.3837890625
    },
    "3": {
        "self_attn.q_proj.weight": 1.1083984375,
        "self_attn.k_proj.weight": 1.5625,
        "self_attn.v_proj.weight": 1.287109375,
        "self_attn.o_proj.weight": 1.1669921875,
        "mlp.gate_proj.weight": 1.7705078125,
        "mlp.up_proj.weight": 1.0390625,
        "mlp.down_proj.weight": 1.138671875
    },
    "4": {
        "self_attn.q_proj.weight": 0.68359375,
        "self_attn.k_proj.weight": 0.53369140625,
        "self_attn.v_proj.weight": 0.77880859375,
        "self_attn.o_proj.weight": 0.76611328125,
        "mlp.gate_proj.weight": 0.97021484375,
        "mlp.up_proj.weight": 1.056640625,
        "mlp.down_proj.weight": 0.98193359375
    },
    "5": {
        "self_attn.q_proj.weight": 1.236328125,
        "self_attn.k_proj.weight": 1.69140625,
        "self_attn.v_proj.weight": 0.79345703125,
        "self_attn.o_proj.weight": 0.8701171875,
        "mlp.gate_proj.weight": 1.05078125,
        "mlp.up_proj.weight": 0.77587890625,
        "mlp.down_proj.weight": 0.92919921875
    },
    "6": {
        "self_attn.q_proj.weight": 1.1640625,
        "self_attn.k_proj.weight": 1.1005859375,
        "self_attn.v_proj.weight": 0.83349609375,
        "self_attn.o_proj.weight": 0.8330078125,
        "mlp.gate_proj.weight": 0.927734375,
        "mlp.up_proj.weight": 0.80224609375,
        "mlp.down_proj.weight": 0.96142578125
    },
    "7": {
        "self_attn.q_proj.weight": 1.09765625,
        "self_attn.k_proj.weight": 1.1259765625,
        "self_attn.v_proj.weight": 0.92138671875,
        "self_attn.o_proj.weight": 0.822265625,
        "mlp.gate_proj.weight": 0.87841796875,
        "mlp.up_proj.weight": 0.810546875,
        "mlp.down_proj.weight": 0.66357421875
    },
    "8": {
        "self_attn.q_proj.weight": 0.60986328125,
        "self_attn.k_proj.weight": 0.65283203125,
        "self_attn.v_proj.weight": 0.748046875,
        "self_attn.o_proj.weight": 0.91943359375,
        "mlp.gate_proj.weight": 0.78125,
        "mlp.up_proj.weight": 0.74755859375,
        "mlp.down_proj.weight": 0.62158203125
    },
    "9": {
        "self_attn.q_proj.weight": 0.85205078125,
        "self_attn.k_proj.weight": 0.79541015625,
        "self_attn.v_proj.weight": 0.83740234375,
        "self_attn.o_proj.weight": 0.7919921875,
        "mlp.gate_proj.weight": 0.77197265625,
        "mlp.up_proj.weight": 0.765625,
        "mlp.down_proj.weight": 0.76953125
    },
    "10": {
        "self_attn.q_proj.weight": 0.7587890625,
        "self_attn.k_proj.weight": 1.08203125,
        "self_attn.v_proj.weight": 0.83203125,
        "self_attn.o_proj.weight": 0.751953125,
        "mlp.gate_proj.weight": 0.78076171875,
        "mlp.up_proj.weight": 0.78759765625,
        "mlp.down_proj.weight": 0.71875
    },
    "11": {
        "self_attn.q_proj.weight": 0.81396484375,
        "self_attn.k_proj.weight": 0.66845703125,
        "self_attn.v_proj.weight": 0.74267578125,
        "self_attn.o_proj.weight": 0.7587890625,
        "mlp.gate_proj.weight": 0.84423828125,
        "mlp.up_proj.weight": 0.77392578125,
        "mlp.down_proj.weight": 0.82275390625
    },
    "12": {
        "self_attn.q_proj.weight": 0.7939453125,
        "self_attn.k_proj.weight": 0.85693359375,
        "self_attn.v_proj.weight": 0.77978515625,
        "self_attn.o_proj.weight": 0.69482421875,
        "mlp.gate_proj.weight": 0.77294921875,
        "mlp.up_proj.weight": 0.90380859375,
        "mlp.down_proj.weight": 0.7490234375
    },
    "13": {
        "self_attn.q_proj.weight": 0.93408203125,
        "self_attn.k_proj.weight": 0.8251953125,
        "self_attn.v_proj.weight": 0.72119140625,
        "self_attn.o_proj.weight": 0.6904296875,
        "mlp.gate_proj.weight": 0.78564453125,
        "mlp.up_proj.weight": 0.8134765625,
        "mlp.down_proj.weight": 0.83349609375
    },
    "14": {
        "self_attn.q_proj.weight": 0.92578125,
        "self_attn.k_proj.weight": 0.8671875,
        "self_attn.v_proj.weight": 0.712890625,
        "self_attn.o_proj.weight": 0.7294921875,
        "mlp.gate_proj.weight": 0.74560546875,
        "mlp.up_proj.weight": 0.79736328125,
        "mlp.down_proj.weight": 0.7236328125
    },
    "15": {
        "self_attn.q_proj.weight": 0.8251953125,
        "self_attn.k_proj.weight": 0.7685546875,
        "self_attn.v_proj.weight": 0.77783203125,
        "self_attn.o_proj.weight": 0.67333984375,
        "mlp.gate_proj.weight": 0.7646484375,
        "mlp.up_proj.weight": 0.79541015625,
        "mlp.down_proj.weight": 0.75830078125
    },
    "16": {
        "self_attn.q_proj.weight": 0.82958984375,
        "self_attn.k_proj.weight": 0.98193359375,
        "self_attn.v_proj.weight": 0.7802734375,
        "self_attn.o_proj.weight": 0.71044921875,
        "mlp.gate_proj.weight": 0.7685546875,
        "mlp.up_proj.weight": 0.8017578125,
        "mlp.down_proj.weight": 0.93994140625
    },
    "17": {
        "self_attn.q_proj.weight": 0.7568359375,
        "self_attn.k_proj.weight": 0.6865234375,
        "self_attn.v_proj.weight": 0.78466796875,
        "self_attn.o_proj.weight": 0.67724609375,
        "mlp.gate_proj.weight": 0.7939453125,
        "mlp.up_proj.weight": 0.78076171875,
        "mlp.down_proj.weight": 0.841796875
    },
    "18": {
        "self_attn.q_proj.weight": 0.78662109375,
        "self_attn.k_proj.weight": 0.84423828125,
        "self_attn.v_proj.weight": 0.78564453125,
        "self_attn.o_proj.weight": 0.787109375,
        "mlp.gate_proj.weight": 0.82421875,
        "mlp.up_proj.weight": 0.76171875,
        "mlp.down_proj.weight": 0.81494140625
    },
    "19": {
        "self_attn.q_proj.weight": 0.9228515625,
        "self_attn.k_proj.weight": 0.85302734375,
        "self_attn.v_proj.weight": 0.80615234375,
        "self_attn.o_proj.weight": 0.61328125,
        "mlp.gate_proj.weight": 0.8251953125,
        "mlp.up_proj.weight": 0.9736328125,
        "mlp.down_proj.weight": 0.884765625
    },
    "20": {
        "self_attn.q_proj.weight": 1.0400390625,
        "self_attn.k_proj.weight": 1.1865234375,
        "self_attn.v_proj.weight": 0.8525390625,
        "self_attn.o_proj.weight": 0.763671875,
        "mlp.gate_proj.weight": 0.76708984375,
        "mlp.up_proj.weight": 0.81005859375,
        "mlp.down_proj.weight": 0.78515625
    },
    "21": {
        "self_attn.q_proj.weight": 0.85498046875,
        "self_attn.k_proj.weight": 0.93603515625,
        "self_attn.v_proj.weight": 0.95751953125,
        "self_attn.o_proj.weight": 0.80419921875,
        "mlp.gate_proj.weight": 0.84423828125,
        "mlp.up_proj.weight": 0.8984375,
        "mlp.down_proj.weight": 0.7392578125
    },
    "22": {
        "self_attn.q_proj.weight": 0.9404296875,
        "self_attn.k_proj.weight": 0.78759765625,
        "self_attn.v_proj.weight": 0.8017578125,
        "self_attn.o_proj.weight": 0.6875,
        "mlp.gate_proj.weight": 0.900390625,
        "mlp.up_proj.weight": 0.9423828125,