{
    "4": {
        "0": {
            "self_attn.q_proj": 0.0008153915405273438,
            "self_attn.k_proj": 0.002262115478515625,
            "self_attn.v_proj": 0.371826171875,
            "self_attn.o_proj": 0.03265380859375,
            "mlp.gate_proj": 0.0014476776123046875,
            "mlp.up_proj": 0.0021038055419921875,
            "mlp.down_proj": 0.01509857177734375
        },
        "1": {
            "self_attn.q_proj": 0.0011510848999023438,
            "self_attn.k_proj": 0.0009551048278808594,
            "self_attn.v_proj": 1.578125,
            "self_attn.o_proj": 0.045928955078125,
            "mlp.gate_proj": 0.002315521240234375,
            "mlp.up_proj": 0.007114410400390625,
            "mlp.down_proj": 0.0379638671875
        },
        "2": {
            "self_attn.q_proj": 0.0008015632629394531,
            "self_attn.k_proj": 0.000522613525390625,
            "self_attn.v_proj": 1.0341796875,
            "self_attn.o_proj": 0.044036865234375,
            "mlp.gate_proj": 0.001941680908203125,
            "mlp.up_proj": 0.005237579345703125,
            "mlp.down_proj": 6.37890625
        },
        "3": {
            "self_attn.q_proj": 0.003414154052734375,
            "self_attn.k_proj": 0.0023784637451171875,
            "self_attn.v_proj": 0.182861328125,
            "self_attn.o_proj": 0.02325439453125,
            "mlp.gate_proj": 0.003231048583984375,
            "mlp.up_proj": 0.005825042724609375,
            "mlp.down_proj": 0.02252197265625
        },
        "4": {
            "self_attn.q_proj": 0.00665283203125,
            "self_attn.k_proj": 0.004100799560546875,
            "self_attn.v_proj": 0.236328125,
            "self_attn.o_proj": 0.040435791015625,
            "mlp.gate_proj": 0.005542755126953125,
            "mlp.up_proj": 0.0157470703125,
            "mlp.down_proj": 0.0299530029296875
        },
        "5": {
            "self_attn.q_proj": 0.006927490234375,
            "self_attn.k_proj": 0.005176544189453125,
            "self_attn.v_proj": 0.21337890625,
            "self_attn.o_proj": 0.039398193359375,
            "mlp.gate_proj": 0.006702423095703125,
            "mlp.up_proj": 0.0176849365234375,
            "mlp.down_proj": 0.024017333984375
        },
        "6": {
            "self_attn.q_proj": 0.00621795654296875,
            "self_attn.k_proj": 0.00458526611328125,
            "self_attn.v_proj": 0.2008056640625,
            "self_attn.o_proj": 0.053192138671875,
            "mlp.gate_proj": 0.0096893310546875,
            "mlp.up_proj": 0.01629638671875,
            "mlp.down_proj": 0.0184478759765625
        },
        "7": {
            "self_attn.q_proj": 0.007598876953125,
            "self_attn.k_proj": 0.009185791015625,
            "self_attn.v_proj": 0.216796875,
            "self_attn.o_proj": 0.034820556640625,
            "mlp.gate_proj": 0.00766754150390625,
            "mlp.up_proj": 0.015869140625,
            "mlp.down_proj": 0.0221405029296875
        },
        "8": {
            "self_attn.q_proj": 0.006313323974609375,
            "self_attn.k_proj": 0.00592041015625,
            "self_attn.v_proj": 0.21875,
            "self_attn.o_proj": 0.03973388671875,
            "mlp.gate_proj": 0.006877899169921875,
            "mlp.up_proj": 0.01381683349609375,
            "mlp.down_proj": 0.01163482666015625
        },
        "9": {
            "self_attn.q_proj": 0.0070037841796875,
            "self_attn.k_proj": 0.00787353515625,
            "self_attn.v_proj": 0.1849365234375,
            "self_attn.o_proj": 0.0282440185546875,
            "mlp.gate_proj": 0.006160736083984375,
            "mlp.up_proj": 0.0193328857421875,
            "mlp.down_proj": 0.01080322265625
        },
        "10": {
            "self_attn.q_proj": 0.005619049072265625,
            "self_attn.k_proj": 0.00597381591796875,
            "self_attn.v_proj": 0.156494140625,
            "self_attn.o_proj": 0.023590087890625,
            "mlp.gate_proj": 0.003894805908203125,
            "mlp.up_proj": 0.01160430908203125,
            "mlp.down_proj": 0.00548553466796875
        },
        "11": {
            "self_attn.q_proj": 0.0032958984375,
            "self_attn.k_proj": 0.0034809112548828125,
            "self_attn.v_proj": 0.1282958984375,
            "self_attn.o_proj": 0.020050048828125,
            "mlp.gate_proj": 0.00876617431640625,
            "mlp.up_proj": 0.01346588134765625,
            "mlp.down_proj": 0.0129852294921875
        },
        "12": {
            "self_attn.q_proj": 0.00433349609375,
            "self_attn.k_proj": 0.004482269287109375,
            "self_attn.v_proj": 0.097412109375,
            "self_attn.o_proj": 0.01525115966796875,
            "mlp.gate_proj": 0.003948211669921875,
            "mlp.up_proj": 0.00655364990234375,
            "mlp.down_proj": 0.00860595703125
        },
        "13": {
            "self_attn.q_proj": 0.0028209686279296875,
            "self_attn.k_proj": 0.002674102783203125,
            "self_attn.v_proj": 0.08245849609375,
            "self_attn.o_proj": 0.013916015625,
            "mlp.gate_proj": 0.003505706787109375,
            "mlp.up_proj": 0.00618743896484375,
            "mlp.down_proj": 0.007564544677734375
        },
        "14": {
            "self_attn.q_proj": 0.003101348876953125,
            "self_attn.k_proj": 0.0028476715087890625,
            "self_attn.v_proj": 0.0594482421875,
            "self_attn.o_proj": 0.007442474365234375,
            "mlp.gate_proj": 0.00225067138671875,
            "mlp.up_proj": 0.0095062255859375,
            "mlp.down_proj": 0.00733184814453125
        },
        "15": {
            "self_attn.q_proj": 0.0032291412353515625,
            "self_attn.k_proj": 0.00420379638671875,
            "self_attn.v_proj": 0.052703857421875,
            "self_attn.o_proj": 0.00888824462890625,
            "mlp.gate_proj": 0.00222015380859375,
            "mlp.up_proj": 0.00481414794921875,
            "mlp.down_proj": 0.0096588134765625
        },
        "16": {
            "self_attn.q_proj": 0.00333404541015625,
            "self_attn.k_proj": 0.0027942657470703125,
            "self_attn.v_proj": 0.051513671875,
            "self_attn.o_proj": 0.00667572021484375,
            "mlp.gate_proj": 0.002178192138671875,
            "mlp.up_proj": 0.006320953369140625,
            "mlp.down_proj": 0.01025390625
        },
        "17": {
            "self_attn.q_proj": 0.002410888671875,
            "self_attn.k_proj": 0.00212860107421875,
            "self_attn.v_proj": 0.04315185546875,
            "self_attn.o_proj": 0.004711151123046875,
            "mlp.gate_proj": 0.002716064453125,
            "mlp.up_proj": 0.0081634521484375,
            "mlp.down_proj": 0.0125274658203125
        },
        "18": {
            "self_attn.q_proj": 0.0021533966064453125,
            "self_attn.k_proj": 0.002376556396484375,
            "self_attn.v_proj": 0.032379150390625,
            "self_attn.o_proj": 0.002872467041015625,
            "mlp.gate_proj": 0.0018405914306640625,
            "mlp.up_proj": 0.00933074951171875,
            "mlp.down_proj": 0.00991058349609375
        },
        "19": {
            "self_attn.q_proj": 0.00727081298828125,
            "self_attn.k_proj": 0.006862640380859375,
            "self_attn.v_proj": 0.0296630859375,
            "self_attn.o_proj": 0.002292633056640625,
            "mlp.gate_proj": 0.001293182373046875,
            "mlp.up_proj": 0.004863739013671875,
            "mlp.down_proj": 0.0082550048828125
        },
        "20": {
            "self_attn.q_proj": 0.0029506683349609375,
            "self_attn.k_proj": 0.0027408599853515625,
            "self_attn.v_proj": 0.0207061767578125,
            "self_attn.o_proj": 0.0009455680847167969,
            "mlp.gate_proj": 0.0033664703369140625,
            "mlp.up_proj": 0.00479888916015625,
            "mlp.down_proj": 0.00829315185546875
        },