{
    "4": {
        "0": {
            "self_attn.q_proj": 1.833984375,
            "self_attn.k_proj": 1.833984375,
            "self_attn.v_proj": 1.8310546875,
            "self_attn.o_proj": 1.833984375,
            "mlp.gate_proj": 1.833984375,
            "mlp.up_proj": 1.833984375,
            "mlp.down_proj": 1.8330078125
        },
        "1": {
            "self_attn.q_proj": 1.833984375,
            "self_attn.k_proj": 1.833984375,
            "self_attn.v_proj": 1.8349609375,
            "self_attn.o_proj": 1.83203125,
            "mlp.gate_proj": 1.833984375,
            "mlp.up_proj": 1.833984375,
            "mlp.down_proj": 1.833984375
        },
        "2": {
            "self_attn.q_proj": 1.833984375,
            "self_attn.k_proj": 1.833984375,
            "self_attn.v_proj": 1.83203125,
            "self_attn.o_proj": 1.8330078125,
            "mlp.gate_proj": 1.833984375,
            "mlp.up_proj": 1.83203125,
            "mlp.down_proj": 1.833984375
        },
        "3": {
            "self_attn.q_proj": 1.833984375,
            "self_attn.k_proj": 1.833984375,
            "self_attn.v_proj": 1.83203125,
            "self_attn.o_proj": 1.8330078125,
            "mlp.gate_proj": 1.833984375,
            "mlp.up_proj": 1.833984375,
            "mlp.down_proj": 1.833984375
        },
        "4": {
            "self_attn.q_proj": 1.833984375,
            "self_attn.k_proj": 1.833984375,
            "self_attn.v_proj": 1.833984375,
            "self_attn.o_proj": 1.833984375,
            "mlp.gate_proj": 1.833984375,
            "mlp.up_proj": 1.833984375,
            "mlp.down_proj": 1.833984375
        },
        "5": {
            "self_attn.q_proj": 1.833984375,
            "self_attn.k_proj": 1.833984375,
            "self_attn.v_proj": 1.833984375,
            "self_attn.o_proj": 1.833984375,
            "mlp.gate_proj": 1.833984375,
            "mlp.up_proj": 1.833984375,
            "mlp.down_proj": 1.833984375
        },
        "6": {
            "self_attn.q_proj": 1.8330078125,
            "self_attn.k_proj": 1.833984375,
            "self_attn.v_proj": 1.8349609375,
            "self_attn.o_proj": 1.833984375,
            "mlp.gate_proj": 1.833984375,
            "mlp.up_proj": 1.833984375,
            "mlp.down_proj": 1.83203125
        },
        "7": {
            "self_attn.q_proj": 1.8349609375,
            "self_attn.k_proj": 1.833984375,
            "self_attn.v_proj": 1.8330078125,
            "self_attn.o_proj": 1.833984375,
            "mlp.gate_proj": 1.833984375,
            "mlp.up_proj": 1.8330078125,
            "mlp.down_proj": 1.833984375
        },
        "8": {
            "self_attn.q_proj": 1.833984375,
            "self_attn.k_proj": 1.833984375,
            "self_attn.v_proj": 1.833984375,
            "self_attn.o_proj": 1.833984375,
            "mlp.gate_proj": 1.833984375,
            "mlp.up_proj": 1.833984375,
            "mlp.down_proj": 1.833984375
        },
        "9": {
            "self_attn.q_proj": 1.833984375,
            "self_attn.k_proj": 1.833984375,
            "self_attn.v_proj": 1.83203125,
            "self_attn.o_proj": 1.833984375,
            "mlp.gate_proj": 1.833984375,
            "mlp.up_proj": 1.833984375,
            "mlp.down_proj": 1.8330078125
        },
        "10": {
            "self_attn.q_proj": 1.833984375,
            "self_attn.k_proj": 1.833984375,
            "self_attn.v_proj": 1.833984375,
            "self_attn.o_proj": 1.833984375,
            "mlp.gate_proj": 1.8349609375,
            "mlp.up_proj": 1.833984375,
            "mlp.down_proj": 1.833984375
        },
        "11": {
            "self_attn.q_proj": 1.833984375,
            "self_attn.k_proj": 1.833984375,
            "self_attn.v_proj": 1.833984375,
            "self_attn.o_proj": 1.833984375,
            "mlp.gate_proj": 1.8349609375,
            "mlp.up_proj": 1.8349609375,
            "mlp.down_proj": 1.833984375
        },
        "12": {
            "self_attn.q_proj": 1.8349609375,
            "self_attn.k_proj": 1.833984375,
            "self_attn.v_proj": 1.830078125,
            "self_attn.o_proj": 1.833984375,
            "mlp.gate_proj": 1.833984375,
            "mlp.up_proj": 1.8330078125,
            "mlp.down_proj": 1.8330078125
        },
        "13": {
            "self_attn.q_proj": 1.833984375,
            "self_attn.k_proj": 1.833984375,
            "self_attn.v_proj": 1.8349609375,
            "self_attn.o_proj": 1.833984375,
            "mlp.gate_proj": 1.8330078125,
            "mlp.up_proj": 1.833984375,
            "mlp.down_proj": 1.833984375
        },
        "14": {
            "self_attn.q_proj": 1.833984375,
            "self_attn.k_proj": 1.833984375,
            "self_attn.v_proj": 1.833984375,
            "self_attn.o_proj": 1.83203125,
            "mlp.gate_proj": 1.833984375,
            "mlp.up_proj": 1.833984375,
            "mlp.down_proj": 1.8330078125
        },
        "15": {
            "self_attn.q_proj": 1.8349609375,
            "self_attn.k_proj": 1.833984375,
            "self_attn.v_proj": 1.8359375,
            "self_attn.o_proj": 1.8330078125,
            "mlp.gate_proj": 1.8349609375,
            "mlp.up_proj": 1.833984375,
            "mlp.down_proj": 1.833984375
        },
        "16": {
            "self_attn.q_proj": 1.833984375,
            "self_attn.k_proj": 1.833984375,
            "self_attn.v_proj": 1.830078125,
            "self_attn.o_proj": 1.8349609375,
            "mlp.gate_proj": 1.8349609375,
            "mlp.up_proj": 1.8310546875,
            "mlp.down_proj": 1.833984375
        },
        "17": {
            "self_attn.q_proj": 1.833984375,
            "self_attn.k_proj": 1.833984375,
            "self_attn.v_proj": 1.833984375,
            "self_attn.o_proj": 1.833984375,
            "mlp.gate_proj": 1.833984375,
            "mlp.up_proj": 1.8330078125,
            "mlp.down_proj": 1.833984375
        },
        "18": {
            "self_attn.q_proj": 1.833984375,
            "self_attn.k_proj": 1.833984375,
            "self_attn.v_proj": 1.833984375,
            "self_attn.o_proj": 1.833984375,
            "mlp.gate_proj": 1.833984375,
            "mlp.up_proj": 1.8330078125,
            "mlp.down_proj": 1.833984375
        },
        "19": {
            "self_attn.q_proj": 1.833984375,
            "self_attn.k_proj": 1.833984375,
            "self_attn.v_proj": 1.8349609375,
            "self_attn.o_proj": 1.833984375,
            "mlp.gate_proj": 1.833984375,
            "mlp.up_proj": 1.833984375,
            "mlp.down_proj": 1.833984375
        },
        "20": {
            "self_attn.q_proj": 1.833984375,
            "self_attn.k_proj": 1.833984375,
            "self_attn.v_proj": 1.8349609375,
            "self_attn.o_proj": 1.833984375,
            "mlp.gate_proj": 1.833984375,
            "mlp.up_proj": 1.833984375,
            "mlp.down_proj": 1.833984375
        },
        "21": {
            "self_attn.q_proj": 1.8330078125,
            "self_attn.k_proj": 1.833984375,
            "self_attn.v_proj": 1.833984375,
            "self_attn.o_proj": 1.833984375,
            "mlp.gate_proj": 1.833984375,
            "mlp.up_proj": 1.833984375,
            "mlp.down_proj": 1.833984375
        },
        "22": {
            "self_attn.q_proj": 1.833984375,
            "self_attn.k_proj": 1.833984375,
            "self_attn.v_proj": 1.833984375,
            "self_attn.o_proj": 1.833984375,
            "mlp.gate_proj": 1.833984375,
            "mlp.up_proj": 1.833984375,
            "mlp.down_proj": 1.8349609375
        },
        "23": {
            "self_attn.q_proj": 1.833984375,
            "self_attn.k_proj": 1.833984375,
            "self_attn.v_proj": 1.8330078125,
            "self_attn.o_proj": 1.833984375,
            "mlp.gate_proj": 1.833984375,
            "mlp.up_proj": 1.833984375,
            "mlp.down_proj": 1.833984375
        },