{
    "4": {
        "0": {
            "self_attn.q_proj": 0.0041656494140625,
            "self_attn.k_proj": 0.0018739700317382812,
            "self_attn.v_proj": 0.77197265625,
            "self_attn.o_proj": 0.07293701171875,
            "mlp.gate_proj": 0.0020771026611328125,
            "mlp.up_proj": 0.0038204193115234375,
            "mlp.down_proj": 1.970703125
        },
        "1": {
            "self_attn.q_proj": 0.0071258544921875,
            "self_attn.k_proj": 0.00677490234375,
            "self_attn.v_proj": 0.94677734375,
            "self_attn.o_proj": 0.097900390625,
            "mlp.gate_proj": 0.0017642974853515625,
            "mlp.up_proj": 0.004901885986328125,
            "mlp.down_proj": 0.494873046875
        },
        "2": {
            "self_attn.q_proj": 0.01192474365234375,
            "self_attn.k_proj": 0.00807952880859375,
            "self_attn.v_proj": 0.7216796875,
            "self_attn.o_proj": 0.053558349609375,
            "mlp.gate_proj": 0.002201080322265625,
            "mlp.up_proj": 0.00780487060546875,
            "mlp.down_proj": 0.044281005859375
        },
        "3": {
            "self_attn.q_proj": 0.0053558349609375,
            "self_attn.k_proj": 0.0037937164306640625,
            "self_attn.v_proj": 0.477294921875,
            "self_attn.o_proj": 0.08355712890625,
            "mlp.gate_proj": 0.01007080078125,
            "mlp.up_proj": 0.022247314453125,
            "mlp.down_proj": 32.5
        },
        "4": {
            "self_attn.q_proj": 0.0200042724609375,
            "self_attn.k_proj": 0.016754150390625,
            "self_attn.v_proj": 0.2003173828125,
            "self_attn.o_proj": 0.06195068359375,
            "mlp.gate_proj": 0.0091552734375,
            "mlp.up_proj": 0.018463134765625,
            "mlp.down_proj": 0.0433349609375
        },
        "5": {
            "self_attn.q_proj": 0.0149383544921875,
            "self_attn.k_proj": 0.0112762451171875,
            "self_attn.v_proj": 0.19091796875,
            "self_attn.o_proj": 0.038299560546875,
            "mlp.gate_proj": 0.012939453125,
            "mlp.up_proj": 0.0322265625,
            "mlp.down_proj": 0.05548095703125
        },
        "6": {
            "self_attn.q_proj": 0.016845703125,
            "self_attn.k_proj": 0.01129150390625,
            "self_attn.v_proj": 0.208740234375,
            "self_attn.o_proj": 0.05950927734375,
            "mlp.gate_proj": 0.0154876708984375,
            "mlp.up_proj": 0.03228759765625,
            "mlp.down_proj": 0.06097412109375
        },
        "7": {
            "self_attn.q_proj": 0.0232391357421875,
            "self_attn.k_proj": 0.016876220703125,
            "self_attn.v_proj": 0.2386474609375,
            "self_attn.o_proj": 0.060882568359375,
            "mlp.gate_proj": 0.0193634033203125,
            "mlp.up_proj": 0.040252685546875,
            "mlp.down_proj": 0.09326171875
        },
        "8": {
            "self_attn.q_proj": 0.017120361328125,
            "self_attn.k_proj": 0.01195526123046875,
            "self_attn.v_proj": 0.259765625,
            "self_attn.o_proj": 0.0682373046875,
            "mlp.gate_proj": 0.022735595703125,
            "mlp.up_proj": 0.039764404296875,
            "mlp.down_proj": 0.07403564453125
        },
        "9": {
            "self_attn.q_proj": 0.022308349609375,
            "self_attn.k_proj": 0.0174407958984375,
            "self_attn.v_proj": 0.303955078125,
            "self_attn.o_proj": 0.09979248046875,
            "mlp.gate_proj": 0.0229949951171875,
            "mlp.up_proj": 0.042877197265625,
            "mlp.down_proj": 0.06170654296875
        },
        "10": {
            "self_attn.q_proj": 0.021881103515625,
            "self_attn.k_proj": 0.01776123046875,
            "self_attn.v_proj": 0.34375,
            "self_attn.o_proj": 0.10198974609375,
            "mlp.gate_proj": 0.01910400390625,
            "mlp.up_proj": 0.035247802734375,
            "mlp.down_proj": 0.03460693359375
        },
        "11": {
            "self_attn.q_proj": 0.02691650390625,
            "self_attn.k_proj": 0.0229644775390625,
            "self_attn.v_proj": 0.456298828125,
            "self_attn.o_proj": 0.1298828125,
            "mlp.gate_proj": 0.0250244140625,
            "mlp.up_proj": 0.056427001953125,
            "mlp.down_proj": 0.034088134765625
        },
        "12": {
            "self_attn.q_proj": 0.039947509765625,
            "self_attn.k_proj": 0.036712646484375,
            "self_attn.v_proj": 0.52880859375,
            "self_attn.o_proj": 0.110595703125,
            "mlp.gate_proj": 0.02984619140625,
            "mlp.up_proj": 0.0498046875,
            "mlp.down_proj": 0.029571533203125
        },
        "13": {
            "self_attn.q_proj": 0.0284576416015625,
            "self_attn.k_proj": 0.0283660888671875,
            "self_attn.v_proj": 0.4619140625,
            "self_attn.o_proj": 0.0830078125,
            "mlp.gate_proj": 0.02667236328125,
            "mlp.up_proj": 0.04217529296875,
            "mlp.down_proj": 0.03350830078125
        },
        "14": {
            "self_attn.q_proj": 0.048126220703125,
            "self_attn.k_proj": 0.04022216796875,
            "self_attn.v_proj": 0.350341796875,
            "self_attn.o_proj": 0.0968017578125,
            "mlp.gate_proj": 0.023529052734375,
            "mlp.up_proj": 0.037567138671875,
            "mlp.down_proj": 0.033355712890625
        },
        "15": {
            "self_attn.q_proj": 0.03961181640625,
            "self_attn.k_proj": 0.0289306640625,
            "self_attn.v_proj": 0.37109375,
            "self_attn.o_proj": 0.1014404296875,
            "mlp.gate_proj": 0.0205535888671875,
            "mlp.up_proj": 0.034027099609375,
            "mlp.down_proj": 0.036865234375
        },
        "16": {
            "self_attn.q_proj": 0.028594970703125,
            "self_attn.k_proj": 0.022674560546875,
            "self_attn.v_proj": 0.237060546875,
            "self_attn.o_proj": 0.0728759765625,
            "mlp.gate_proj": 0.0162811279296875,
            "mlp.up_proj": 0.0291290283203125,
            "mlp.down_proj": 0.05029296875
        },
        "17": {
            "self_attn.q_proj": 0.0325927734375,
            "self_attn.k_proj": 0.032501220703125,
            "self_attn.v_proj": 0.2427978515625,
            "self_attn.o_proj": 0.06500244140625,
            "mlp.gate_proj": 0.01216888427734375,
            "mlp.up_proj": 0.0231475830078125,
            "mlp.down_proj": 0.045074462890625
        },
        "18": {
            "self_attn.q_proj": 0.0113525390625,
            "self_attn.k_proj": 0.00977325439453125,
            "self_attn.v_proj": 0.11541748046875,
            "self_attn.o_proj": 0.025115966796875,
            "mlp.gate_proj": 0.01080322265625,
            "mlp.up_proj": 0.023895263671875,
            "mlp.down_proj": 0.0509033203125
        },
        "19": {
            "self_attn.q_proj": 0.03472900390625,
            "self_attn.k_proj": 0.038482666015625,
            "self_attn.v_proj": 0.09539794921875,
            "self_attn.o_proj": 0.02191162109375,
            "mlp.gate_proj": 0.01152801513671875,
            "mlp.up_proj": 0.027313232421875,
            "mlp.down_proj": 0.052825927734375
        },
        "20": {
            "self_attn.q_proj": 0.028717041015625,
            "self_attn.k_proj": 0.029998779296875,
            "self_attn.v_proj": 0.11767578125,
            "self_attn.o_proj": 0.0284423828125,
            "mlp.gate_proj": 0.01263427734375,
            "mlp.up_proj": 0.0253448486328125,
            "mlp.down_proj": 0.042755126953125
        },
        "21": {
            "self_attn.q_proj": 0.01018524169921875,
            "self_attn.k_proj": 0.0076141357421875,
            "self_attn.v_proj": 0.08740234375,
            "self_attn.o_proj": 0.03326416015625,
            "mlp.gate_proj": 0.0120391845703125,
            "mlp.up_proj": 0.022430419921875,