{
    "4": {
        "0": {
            "self_attn.q_proj": 0.05816650390625,
            "self_attn.k_proj": 0.041259765625,
            "self_attn.v_proj": 0.150146484375,
            "self_attn.o_proj": 0.403076171875,
            "mlp.gate_proj": 0.00533294677734375,
            "mlp.up_proj": 0.00811004638671875,
            "mlp.down_proj": 0.07373046875
        },
        "1": {
            "self_attn.q_proj": 5.513429641723633e-05,
            "self_attn.k_proj": 2.0265579223632812e-05,
            "self_attn.v_proj": 0.040679931640625,
            "self_attn.o_proj": 0.0011768341064453125,
            "mlp.gate_proj": 0.0775146484375,
            "mlp.up_proj": 1.1015625,
            "mlp.down_proj": 0.012847900390625
        },
        "2": {
            "self_attn.q_proj": 0.0002288818359375,
            "self_attn.k_proj": 0.0001354217529296875,
            "self_attn.v_proj": 0.08349609375,
            "self_attn.o_proj": 0.004169464111328125,
            "mlp.gate_proj": 5.02734375,
            "mlp.up_proj": 0.241455078125,
            "mlp.down_proj": 0.024627685546875
        },
        "3": {
            "self_attn.q_proj": 0.0009403228759765625,
            "self_attn.k_proj": 0.0018367767333984375,
            "self_attn.v_proj": 0.1351318359375,
            "self_attn.o_proj": 0.1416015625,
            "mlp.gate_proj": 0.135009765625,
            "mlp.up_proj": 0.2122802734375,
            "mlp.down_proj": 0.059173583984375
        },
        "4": {
            "self_attn.q_proj": 0.0021915435791015625,
            "self_attn.k_proj": 0.002048492431640625,
            "self_attn.v_proj": 0.12091064453125,
            "self_attn.o_proj": 0.0107269287109375,
            "mlp.gate_proj": 0.11175537109375,
            "mlp.up_proj": 0.396484375,
            "mlp.down_proj": 12.8125
        },
        "5": {
            "self_attn.q_proj": 0.008941650390625,
            "self_attn.k_proj": 0.01519775390625,
            "self_attn.v_proj": 0.28857421875,
            "self_attn.o_proj": 0.162841796875,
            "mlp.gate_proj": 0.10906982421875,
            "mlp.up_proj": 0.3017578125,
            "mlp.down_proj": 0.46826171875
        },
        "6": {
            "self_attn.q_proj": 0.07891845703125,
            "self_attn.k_proj": 0.01031494140625,
            "self_attn.v_proj": 0.178955078125,
            "self_attn.o_proj": 2.16015625,
            "mlp.gate_proj": 0.1160888671875,
            "mlp.up_proj": 0.308349609375,
            "mlp.down_proj": 0.1636962890625
        },
        "7": {
            "self_attn.q_proj": 0.00995635986328125,
            "self_attn.k_proj": 0.0152740478515625,
            "self_attn.v_proj": 0.1412353515625,
            "self_attn.o_proj": 0.01517486572265625,
            "mlp.gate_proj": 0.177978515625,
            "mlp.up_proj": 0.34423828125,
            "mlp.down_proj": 0.1502685546875
        },
        "8": {
            "self_attn.q_proj": 0.030242919921875,
            "self_attn.k_proj": 0.1605224609375,
            "self_attn.v_proj": 0.267822265625,
            "self_attn.o_proj": 0.0252685546875,
            "mlp.gate_proj": 0.1387939453125,
            "mlp.up_proj": 0.32763671875,
            "mlp.down_proj": 0.14111328125
        },
        "9": {
            "self_attn.q_proj": 0.0169525146484375,
            "self_attn.k_proj": 0.06500244140625,
            "self_attn.v_proj": 0.51025390625,
            "self_attn.o_proj": 0.1014404296875,
            "mlp.gate_proj": 0.037261962890625,
            "mlp.up_proj": 0.05865478515625,
            "mlp.down_proj": 0.099609375
        },
        "10": {
            "self_attn.q_proj": 0.28173828125,
            "self_attn.k_proj": 0.026947021484375,
            "self_attn.v_proj": 0.08740234375,
            "self_attn.o_proj": 0.024505615234375,
            "mlp.gate_proj": 0.07916259765625,
            "mlp.up_proj": 0.055267333984375,
            "mlp.down_proj": 0.149658203125
        },
        "11": {
            "self_attn.q_proj": 1.021484375,
            "self_attn.k_proj": 0.035736083984375,
            "self_attn.v_proj": 0.142333984375,
            "self_attn.o_proj": 0.0330810546875,
            "mlp.gate_proj": 0.07244873046875,
            "mlp.up_proj": 0.12646484375,
            "mlp.down_proj": 0.1253662109375
        },
        "12": {
            "self_attn.q_proj": 0.01323699951171875,
            "self_attn.k_proj": 0.0167083740234375,
            "self_attn.v_proj": 0.095703125,
            "self_attn.o_proj": 0.0142364501953125,
            "mlp.gate_proj": 0.04644775390625,
            "mlp.up_proj": 0.0675048828125,
            "mlp.down_proj": 0.0947265625
        },
        "13": {
            "self_attn.q_proj": 0.0192718505859375,
            "self_attn.k_proj": 0.0192718505859375,
            "self_attn.v_proj": 0.11474609375,
            "self_attn.o_proj": 0.0227813720703125,
            "mlp.gate_proj": 0.06689453125,
            "mlp.up_proj": 0.07940673828125,
            "mlp.down_proj": 0.08917236328125
        },
        "14": {
            "self_attn.q_proj": 0.10198974609375,
            "self_attn.k_proj": 0.0258331298828125,
            "self_attn.v_proj": 0.09698486328125,
            "self_attn.o_proj": 0.02337646484375,
            "mlp.gate_proj": 0.07061767578125,
            "mlp.up_proj": 0.08001708984375,
            "mlp.down_proj": 0.133056640625
        },
        "15": {
            "self_attn.q_proj": 0.025726318359375,
            "self_attn.k_proj": 0.072509765625,
            "self_attn.v_proj": 0.10247802734375,
            "self_attn.o_proj": 10.828125,
            "mlp.gate_proj": 0.091064453125,
            "mlp.up_proj": 0.0894775390625,
            "mlp.down_proj": 0.1387939453125
        },
        "16": {
            "self_attn.q_proj": 0.0263671875,
            "self_attn.k_proj": 0.0286407470703125,
            "self_attn.v_proj": 0.5908203125,
            "self_attn.o_proj": 1.30859375,
            "mlp.gate_proj": 0.0723876953125,
            "mlp.up_proj": 0.08746337890625,
            "mlp.down_proj": 0.1290283203125
        },
        "17": {
            "self_attn.q_proj": 0.03057861328125,
            "self_attn.k_proj": 0.03839111328125,
            "self_attn.v_proj": 0.1251220703125,
            "self_attn.o_proj": 0.1336669921875,
            "mlp.gate_proj": 0.0728759765625,
            "mlp.up_proj": 0.52099609375,
            "mlp.down_proj": 0.1065673828125
        },
        "18": {
            "self_attn.q_proj": 0.045684814453125,
            "self_attn.k_proj": 0.0467529296875,
            "self_attn.v_proj": 0.16943359375,
            "self_attn.o_proj": 0.070068359375,
            "mlp.gate_proj": 0.07415771484375,
            "mlp.up_proj": 0.08441162109375,
            "mlp.down_proj": 0.09661865234375
        },
        "19": {
            "self_attn.q_proj": 0.04632568359375,
            "self_attn.k_proj": 0.068115234375,
            "self_attn.v_proj": 0.2208251953125,
            "self_attn.o_proj": 0.06903076171875,
            "mlp.gate_proj": 0.0760498046875,
            "mlp.up_proj": 0.0880126953125,
            "mlp.down_proj": 0.09332275390625
        },
        "20": {
            "self_attn.q_proj": 0.052490234375,
            "self_attn.k_proj": 0.058349609375,
            "self_attn.v_proj": 0.170166015625,
            "self_attn.o_proj": 0.07427978515625,
            "mlp.gate_proj": 0.07598876953125,
            "mlp.up_proj": 0.086669921875,
            "mlp.down_proj": 0.09619140625
        },
        "21": {
            "self_attn.q_proj": 0.073974609375,
            "self_attn.k_proj": 0.055511474609375,
            "self_attn.v_proj": 0.1943359375,
            "self_attn.o_proj": 0.0975341796875,
            "mlp.gate_proj": 0.098876953125,
            "mlp.up_proj": 0.09503173828125,
            "mlp.down_proj": 0.086181640625
        },
        "22": {
            "self_attn.q_proj": 0.062408447265625,