{
    "4": {
        "0": {
            "self_attn.q_proj": 1.66796875,
            "self_attn.k_proj": 1.66796875,
            "self_attn.v_proj": 1.6689453125,
            "self_attn.o_proj": 1.66796875,
            "mlp.gate_proj": 1.6689453125,
            "mlp.up_proj": 1.6689453125,
            "mlp.down_proj": 1.6689453125
        },
        "1": {
            "self_attn.q_proj": 1.66796875,
            "self_attn.k_proj": 1.6689453125,
            "self_attn.v_proj": 1.6689453125,
            "self_attn.o_proj": 1.6689453125,
            "mlp.gate_proj": 1.6689453125,
            "mlp.up_proj": 1.6689453125,
            "mlp.down_proj": 1.66796875
        },
        "2": {
            "self_attn.q_proj": 1.6689453125,
            "self_attn.k_proj": 1.66796875,
            "self_attn.v_proj": 1.6689453125,
            "self_attn.o_proj": 1.6689453125,
            "mlp.gate_proj": 1.6689453125,
            "mlp.up_proj": 1.6689453125,
            "mlp.down_proj": 1.66796875
        },
        "3": {
            "self_attn.q_proj": 1.6689453125,
            "self_attn.k_proj": 1.6689453125,
            "self_attn.v_proj": 1.6689453125,
            "self_attn.o_proj": 1.6689453125,
            "mlp.gate_proj": 1.6689453125,
            "mlp.up_proj": 1.6689453125,
            "mlp.down_proj": 1.6689453125
        },
        "4": {
            "self_attn.q_proj": 1.6689453125,
            "self_attn.k_proj": 1.6689453125,
            "self_attn.v_proj": 1.6689453125,
            "self_attn.o_proj": 1.6689453125,
            "mlp.gate_proj": 1.66796875,
            "mlp.up_proj": 1.6689453125,
            "mlp.down_proj": 1.67578125
        },
        "5": {
            "self_attn.q_proj": 1.6689453125,
            "self_attn.k_proj": 1.6689453125,
            "self_attn.v_proj": 1.6689453125,
            "self_attn.o_proj": 1.6689453125,
            "mlp.gate_proj": 1.6689453125,
            "mlp.up_proj": 1.66796875,
            "mlp.down_proj": 1.66796875
        },
        "6": {
            "self_attn.q_proj": 1.66796875,
            "self_attn.k_proj": 1.6689453125,
            "self_attn.v_proj": 1.6689453125,
            "self_attn.o_proj": 1.6689453125,
            "mlp.gate_proj": 1.66796875,
            "mlp.up_proj": 1.6689453125,
            "mlp.down_proj": 1.6689453125
        },
        "7": {
            "self_attn.q_proj": 1.66796875,
            "self_attn.k_proj": 1.66796875,
            "self_attn.v_proj": 1.66796875,
            "self_attn.o_proj": 1.6689453125,
            "mlp.gate_proj": 1.66796875,
            "mlp.up_proj": 1.66796875,
            "mlp.down_proj": 1.66796875
        },
        "8": {
            "self_attn.q_proj": 1.66796875,
            "self_attn.k_proj": 1.66796875,
            "self_attn.v_proj": 1.66796875,
            "self_attn.o_proj": 1.6689453125,
            "mlp.gate_proj": 1.6689453125,
            "mlp.up_proj": 1.66796875,
            "mlp.down_proj": 1.66796875
        },
        "9": {
            "self_attn.q_proj": 1.6689453125,
            "self_attn.k_proj": 1.6689453125,
            "self_attn.v_proj": 1.66796875,
            "self_attn.o_proj": 1.66796875,
            "mlp.gate_proj": 1.66796875,
            "mlp.up_proj": 1.6689453125,
            "mlp.down_proj": 1.6689453125
        },
        "10": {
            "self_attn.q_proj": 1.6689453125,
            "self_attn.k_proj": 1.66796875,
            "self_attn.v_proj": 1.6689453125,
            "self_attn.o_proj": 1.6689453125,
            "mlp.gate_proj": 1.66796875,
            "mlp.up_proj": 1.6689453125,
            "mlp.down_proj": 1.6689453125
        },
        "11": {
            "self_attn.q_proj": 1.66796875,
            "self_attn.k_proj": 1.6689453125,
            "self_attn.v_proj": 1.6689453125,
            "self_attn.o_proj": 1.66796875,
            "mlp.gate_proj": 1.6689453125,
            "mlp.up_proj": 1.6689453125,
            "mlp.down_proj": 1.6689453125
        },
        "12": {
            "self_attn.q_proj": 1.6689453125,
            "self_attn.k_proj": 1.6689453125,
            "self_attn.v_proj": 1.66796875,
            "self_attn.o_proj": 1.66796875,
            "mlp.gate_proj": 1.66796875,
            "mlp.up_proj": 1.66796875,
            "mlp.down_proj": 1.66796875
        },
        "13": {
            "self_attn.q_proj": 1.6689453125,
            "self_attn.k_proj": 1.66796875,
            "self_attn.v_proj": 1.669921875,
            "self_attn.o_proj": 1.66796875,
            "mlp.gate_proj": 1.66796875,
            "mlp.up_proj": 1.66796875,
            "mlp.down_proj": 1.66796875
        },
        "14": {
            "self_attn.q_proj": 1.66796875,
            "self_attn.k_proj": 1.66796875,
            "self_attn.v_proj": 1.6689453125,
            "self_attn.o_proj": 1.6689453125,
            "mlp.gate_proj": 1.66796875,
            "mlp.up_proj": 1.66796875,
            "mlp.down_proj": 1.6689453125
        },
        "15": {
            "self_attn.q_proj": 1.66796875,
            "self_attn.k_proj": 1.66796875,
            "self_attn.v_proj": 1.66796875,
            "self_attn.o_proj": 1.66796875,
            "mlp.gate_proj": 1.66796875,
            "mlp.up_proj": 1.66796875,
            "mlp.down_proj": 1.669921875
        },
        "16": {
            "self_attn.q_proj": 1.66796875,
            "self_attn.k_proj": 1.6689453125,
            "self_attn.v_proj": 1.66796875,
            "self_attn.o_proj": 1.66796875,
            "mlp.gate_proj": 1.66796875,
            "mlp.up_proj": 1.6689453125,
            "mlp.down_proj": 1.66796875
        },
        "17": {
            "self_attn.q_proj": 1.6689453125,
            "self_attn.k_proj": 1.6689453125,
            "self_attn.v_proj": 1.66796875,
            "self_attn.o_proj": 1.66796875,
            "mlp.gate_proj": 1.6689453125,
            "mlp.up_proj": 1.66796875,
            "mlp.down_proj": 1.6689453125
        },
        "18": {
            "self_attn.q_proj": 1.66796875,
            "self_attn.k_proj": 1.6689453125,
            "self_attn.v_proj": 1.66796875,
            "self_attn.o_proj": 1.6669921875,
            "mlp.gate_proj": 1.66796875,
            "mlp.up_proj": 1.669921875,
            "mlp.down_proj": 1.66796875
        },
        "19": {
            "self_attn.q_proj": 1.6689453125,
            "self_attn.k_proj": 1.66796875,
            "self_attn.v_proj": 1.66796875,
            "self_attn.o_proj": 1.6689453125,
            "mlp.gate_proj": 1.6689453125,
            "mlp.up_proj": 1.66796875,
            "mlp.down_proj": 1.669921875
        },
        "20": {
            "self_attn.q_proj": 1.6689453125,
            "self_attn.k_proj": 1.66796875,
            "self_attn.v_proj": 1.66796875,
            "self_attn.o_proj": 1.6689453125,
            "mlp.gate_proj": 1.66796875,
            "mlp.up_proj": 1.66796875,
            "mlp.down_proj": 1.6689453125
        },
        "21": {
            "self_attn.q_proj": 1.6689453125,
            "self_attn.k_proj": 1.66796875,
            "self_attn.v_proj": 1.66796875,
            "self_attn.o_proj": 1.6689453125,
            "mlp.gate_proj": 1.66796875,
            "mlp.up_proj": 1.66796875,
            "mlp.down_proj": 1.6689453125
        },
        "22": {
            "self_attn.q_proj": 1.6689453125,
            "self_attn.k_proj": 1.6689453125,
            "self_attn.v_proj": 1.66796875,
            "self_attn.o_proj": 1.66796875,
            "mlp.gate_proj": 1.66796875,
            "mlp.up_proj": 1.6689453125,
            "mlp.down_proj": 1.669921875
        },
        "23": {
            "self_attn.q_proj": 1.66796875,
            "self_attn.k_proj": 1.66796875,
            "self_attn.v_proj": 1.66796875,
            "self_attn.o_proj": 1.6689453125,
            "mlp.gate_proj": 1.66796875,
            "mlp.up_proj": 1.6689453125,
            "mlp.down_proj": 1.6689453125
        },
        "24": {
            "self_attn.q_proj": 1.66796875,